struct_site,h3_wt_aa,h7_wt_aa,rmsd_h3h7,4o5n_aa_RSA,JS_h3_vs_h7
9,S,,,1.0842767295597484,
10,T,,,0.1509615384615384,
11,A,D,2.9846261017054263,0.0503875968992248,0.29758610690467346
12,T,K,1.626753766730472,0.2686046511627907,0.061087593407948226
13,L,I,1.7340388883901463,0.0,0.07713030046243562
14,C,C,1.4540495971883387,0.1461077844311377,0.001040281333027937
15,L,L,1.494556739022126,0.0134328358208955,0.11114391351959038
16,G,G,1.2815013269441302,0.0,0.10541344051310789
17,H,H,1.2836171850029263,0.0,0.07616273787356354
18,H,H,1.3743022230626951,0.0933035714285714,0.06412096251724589
19,A,A,1.0587469043489028,0.0325581395348837,0.05453930735567646
20,V,V,1.60933438600569,0.1695402298850574,0.13778626293608098
21,P,S,1.6308923858541828,0.6830188679245283,0.028610942022008264
22,N,N,1.4923332465439456,0.6174358974358974,0.06577753621449095
23,G,G,1.527531334875116,0.25,0.157075187903149
24,T,T,0.9209664813558,0.2058139534883721,
25,I,K,0.83333241926966,0.3710659898477157,
26,V,V,0.8254808893922382,0.0189655172413793,0.06334405831111418
27,K,N,1.0607236099542514,0.4033898305084746,0.09905273079377322
28,T,T,1.0110048604431985,0.0180232558139534,0.10444760765966227
29,I,L,0.9924531135819404,0.0192893401015228,0.24473252253527528
30,T,T,0.9834230568593904,0.091860465116279,0.10068440593548013
31,N,E,1.1985243569820438,0.3158974358974359,0.0988220477619996
32,D,R,1.7131145360956397,0.4150259067357513,0.04491404063049014
33,R,G,1.1342513398956764,0.5724444444444445,0.12334233932584526
34,I,V,0.7342311391759078,0.0913705583756345,0.08649381536972482
35,E,E,0.939782039939168,0.2928251121076233,0.10415777923262518
36,V,V,1.0799948670903194,0.0,0.06633178493553343
37,T,V,0.7458037909381496,0.077906976744186,0.027879082117471407
38,N,N,0.8469786678185279,0.461025641025641,0.03550482928897089
39,A,A,0.9353821289016562,0.0860465116279069,0.10009546112088645
40,T,T,0.8758095864817284,0.2976744186046511,0.06679346186173604
41,E,E,0.6074418794209714,0.210762331838565,0.0775640021827703
42,L,T,0.7676208003768541,0.0,0.27942315311811955
43,V,V,0.7006156925315554,0.0086206896551724,0.19674415261129366
44,Q,E,0.9117384385814312,0.0426666666666666,0.10442205402777094
45,N,R,1.237568411069044,0.5441025641025641,0.12578401278100387
46,S,T,3.0128113677092765,0.3948387096774193,0.04090210739364143
47,S,N,1.1745500704591203,0.2432258064516129,0.05232087613430688
48,I,I,2.175508613049054,0.5456852791878173,0.12362017954975563
49,G,P,1.1466782541494598,0.2971153846153846,0.035652279621150855
50,K,R,1.1856002228641165,0.4358744394618834,0.03181716276312621
51,I,I,1.2391947135299723,0.0,0.05319489046087708
52,C,C,1.478387944605233,0.0203592814371257,0.01489985902566993
52a,,,,,
53,N,S,2.547314182610575,0.2870466321243523,0.15250495829820426
54,S,K,2.10474770458476,0.2567741935483871,0.042742535031647516
55,P,G,3.7029711169849406,0.3786163522012579,0.09669809565229107
56,H,K,3.59887017570082,0.0647321428571428,0.07760083054870895
57,Q,R,3.2055714753985867,0.4328888888888889,0.05507643057378009
58,I,T,2.7148371622594656,0.1553299492385786,0.28368173718970446
59,L,V,1.911984957340009,0.0402985074626865,0.11769766804272142
60,D,D,1.502404935227308,0.2041450777202072,0.09165250077514928
61,G,L,1.8022434302753216,0.0,0.44929154281764766
62,G,G,1.2264489349154613,0.4820627802690583,0.06321907095735567
63,N,Q,1.382669167345022,0.2758974358974358,0.03818244364614533
64,C,C,2.025155698648099,0.011377245508982,0.002245768024695646
65,T,G,1.868457294994736,0.1436046511627907,0.2613156675516053
66,L,L,0.9227546694991348,0.0,0.10239975761158401
67,I,L,1.7303931801688426,0.0,0.2536709587061523
68,D,G,2.483890546334056,0.0,0.4032510274430843
69,A,T,3.035505527564255,0.0612403100775193,0.12634419545395026
70,L,I,2.841854203236189,0.0059701492537313,0.13847581701703188
71,L,T,1.8281818453711536,0.0064676616915422,0.32535930193773466
72,G,G,0.9513775247163696,0.0221153846153846,0.20888187803960875
73,D,P,1.270378270464883,0.0067357512953367,0.2843570306481247
74,P,P,0.3206951370141125,0.0937106918238993,0.281540836675112
75,Q,Q,1.6946141197514053,0.2884444444444444,0.060002251458563055
76,C,C,1.7535272857760984,0.0107784431137724,0.006741903019719078
77,D,D,0.9413534333548408,0.2088082901554404,0.11377324395293581
78,G,Q,1.1000122968004449,0.6557692307692308,0.06060832252639523
79,F,F,1.3134228103097971,0.0708333333333333,0.07383420467830265
80,Q,L,1.8611764244200064,0.3435555555555555,0.0290482724928696
81,N,E,1.0430674022530757,0.3584615384615385,0.060996715147210084
81a,,,,,
82,K,F,1.04454370699022,0.3817796610169491,0.15892307512536347
83,E,S,2.259531073014356,0.3877118644067797,0.05350460605854565
84,W,A,2.7921551445990285,0.0063157894736842,
85,D,D,3.1134078974348243,0.2642487046632124,0.05639011359438855
86,L,L,3.128930549803776,0.0029850746268656,0.17070291502627957
87,F,I,2.4061891318702413,0.0,0.40395960844276224
88,V,I,2.322039378794183,0.0,0.09162902470345864
89,E,E,2.2681478514909026,0.0618834080717488,0.40310396039248003
90,R,R,2.0430586461796434,0.0744525547445255,0.21451391698157563
91,S,R,2.206987139968543,0.6283870967741936,0.09015815552677042
92,R,E,3.040844042191832,0.5033898305084745,0.04325386227319841
93,A,G,3.279533751560356,0.189922480620155,0.15896124171425208
94,N,S,4.108492777972509,0.4174904942965779,0.05025047595196401
94a,,,,,
95,S,D,5.992756061564966,0.1948387096774193,0.0995209921843883
96,S,V,6.552762617701571,0.4005128205128205,0.13317600603581262
97,C,C,1.6087550929389731,0.0053892215568862,0.0004096128810963434
98,Y,Y,0.7356912638604672,0.0456273764258555,0.03606103814188075
99,P,P,0.9146715050280896,0.0144654088050314,0.17508106071171475
100,Y,G,1.0189104501196795,0.1441064638783269,0.5691737773402819
101,D,K,1.7932832840579878,0.2025906735751295,0.060240827782100534
102,V,F,2.063926653194902,0.064367816091954,0.10572960220126422
103,P,V,2.587919374614254,0.3421383647798742,0.02045864998827212
104,D,N,2.457778684777756,0.4538860103626942,0.09797883445039482
105,Y,E,2.1405479111679844,0.2980988593155894,0.057170117511458785
106,A,E,1.7281573867528093,0.2798449612403101,0.07616855454009083
107,S,A,1.773056304145533,0.012258064516129,0.06554851250728716
108,L,L,2.095426271348639,0.0,0.2046764438427658
109,R,R,1.7565691905911411,0.0153284671532846,0.15248916499665066
110,S,Q,1.809980161023626,0.0309677419354838,0.05534567360498371
111,L,I,1.6563047871958116,0.0442786069651741,0.1394612816368619
112,V,L,1.578317024820889,0.0189655172413793,0.13697483819937462
113,A,R,1.599614696263342,0.0,0.5860051072475296
114,S,E,2.3244565721116146,0.2361290322580645,0.03509430722088912
115,S,S,1.8370354991471345,0.064516129032258,0.16992110295259694
116,G,G,3.21390905869836,0.0288461538461538,0.23244335647349154
117,T,G,1.479946146059994,0.0156976744186046,0.3459233126447957
118,L,I,2.926388995223582,0.0094527363184079,0.16697213123413063
119,E,D,2.217664731525909,0.1121076233183856,0.042359120986546386
120,F,K,1.5641489497349974,0.0529166666666666,0.6199206057613798
121,K,E,1.526143091874368,0.28,0.07771377944962732
122,N,A,1.7128816031622145,0.5620512820512821,
123,E,M,1.8850713783823367,0.1533632286995515,0.5363570354751261
124,S,G,0.2564997430062929,0.783225806451613,0.031118042135416468
124a,,,,,
124b,,,,,
125,F,F,1.6897924161066729,0.08125,0.31237432079704697
126,N,T,3.427921687741996,0.518974358974359,0.07598315546932233
127,W,Y,2.822202125774278,0.0382456140350877,0.17982077587543865
128,T,S,3.175062964098112,0.6145348837209302,0.2668501093013005
129,G,G,3.605331843288004,0.2913461538461538,0.10234618266909679
130,V,I,2.4540683094942746,0.0580459770114942,0.2179493715773443
131,K,R,1.7780775528887778,0.3180232558139535,0.054577556542372466
131a,,,,,
132,Q,T,1.3654393801382914,0.3777777777777777,0.022970521282245783
133,N,N,3.1057797387074504,0.4523076923076923,0.06077171708493813
134,G,G,1.6317084820808645,0.1509615384615384,0.012417139911764772
135,T,A,0.9251607463184592,0.4569767441860465,0.07221250349788438
136,S,T,0.7936076225049263,0.0838709677419354,0.05499994587921258
137,S,S,1.2310663589072937,0.5509677419354839,0.12152932897136592
138,A,A,1.5066166089294069,0.1062015503875968,0.2185529743755063
139,C,C,1.0656292608780715,0.0,0.0028128035675991938
140,K,R,0.6777928040719681,0.3868020304568528,0.06250199049883517
141,R,R,1.213911166573836,0.0981751824817518,0.045841154520849414
142,G,,,0.7222627737226277,
143,S,S,1.7666995120340636,0.747741935483871,0.04186374255075615
144,S,G,1.6785505818869997,0.583076923076923,0.030423912154665767
145,S,S,0.7169919039023583,0.4369230769230769,0.06428580100511008
146,S,S,0.6243164207116016,0.1470967741935483,0.10518355566007347
147,F,F,0.7513640661699771,0.0283333333333333,0.09636176408404377
148,F,Y,1.058191032284187,0.0083333333333333,0.4236545153662353
149,S,A,0.8492346390285583,0.1606451612903225,0.06161255188811186
150,R,E,1.3991060412957057,0.07992700729927,0.26389932780774844
151,L,M,1.2365993589387825,0.0049751243781094,0.3494005727445306
152,N,K,1.3327848797112898,0.0148717948717948,0.40167591092358246
153,W,W,0.9978602662081584,0.0459649122807017,0.00034868202731883535
154,L,L,0.7946597702130496,0.0,0.1623989489297395
155,T,L,0.8555297800281,0.1360465116279069,0.20284554867347582
156,S,S,1.1424881862531022,0.1366071428571428,0.20275154628422845
157,L,N,2.262782341049194,0.3393034825870646,0.09176860261481727
158,N,T,4.778890211075568,0.6702564102564103,0.14299116813896956
158a,,D,,,
158b,,N,,,
159,N,A,2.8503258979506945,0.68375,0.07699981160385172
160,I,A,3.707372474413238,0.6694915254237288,0.15745063806921755
161,Y,F,1.819990123948199,0.0182509505703422,0.20571536040725596
162,P,P,1.5145075179778638,0.370440251572327,0.15943324352453708
163,A,Q,1.350153944912669,0.5782945736434109,0.04486321087489017
164,Q,M,1.6102527913868645,0.0383084577114427,0.18243115594009243
165,N,T,1.3948221971460155,0.5148717948717949,0.0865309190726751
166,V,K,1.2990558108698835,0.0568965517241379,0.04123885684159545
167,T,S,1.2232576220783309,0.4563953488372093,0.12042337278858069
168,M,Y,0.8327928528162195,0.1089285714285714,0.2590639927766071
169,P,K,1.2432665299979542,0.3069182389937107,0.05938432192391079
170,N,N,1.455695471047366,0.0,0.011389017633494099
171,K,T,2.1448215043830707,0.6553846153846153,0.03630070610150555
172,E,R,1.7159881409846216,0.3659192825112107,
173,Q,K,1.17532167893774,0.8466666666666667,0.028251928917216913
174,F,S,0.9650459145695568,0.2870833333333333,0.04097211470257653
175,D,P,0.4016015651618533,0.2124352331606217,0.04556339589287075
176,K,A,0.409670845779354,0.009322033898305,0.5583226489506956
177,L,L,0.7095498332547426,0.0238805970149253,0.26354614284230127
178,Y,I,0.8542650004671983,0.0011406844106463,0.587052835008234
179,I,V,1.1555361319332698,0.0299492385786802,0.292658076514056
180,W,W,1.0066592343360157,0.0021052631578947,0.0654538329243636
181,G,G,0.6988258336609068,0.0,0.04347747528556841
182,V,I,0.5560466913136719,0.0,0.10457894366619254
183,H,H,0.4849841639163894,0.0098214285714285,0.14419934545897978
184,H,H,0.4394671048586638,0.0459821428571428,0.07698202595094547
185,P,S,0.501090012983326,0.0044025157232704,0.23488077951806358
186,D,V,0.5841165736662016,0.0567307692307692,0.47210898565904935
187,T,S,1.2765225895413903,0.3145348837209302,0.1084631748648916
188,D,T,2.0359956471304943,0.6015544041450777,0.07176430612583357
189,K,A,2.1393954964965185,0.763135593220339,0.10834036867470422
190,N,E,1.271202661701946,0.3756476683937824,0.38485269724221516
191,Q,Q,0.9582340628753032,0.0026666666666666,0.2242350436586839
192,F,T,1.5320938509699265,0.4177664974619289,0.2587965114293389
193,S,K,1.5939308796434115,0.6345833333333334,0.2362234347543135
194,L,L,0.9519017537594124,0.1487562189054726,0.27491398235266695
195,F,Y,0.7690634571142523,0.0,0.28860888136303064
196,A,G,1.7004997304665022,0.2294573643410853,0.2608511669584479
197,Q,S,2.744886308447476,0.2888888888888888,0.1772164959767376
198,S,G,2.9637638200814105,0.5793548387096774,0.14133984589950183
199,S,N,2.698097667321381,0.4703225806451613,0.07392192884828394
200,G,K,1.9556945706787785,0.0115384615384615,0.08487130202388159
201,R,L,1.4084379469763884,0.2810218978102189,0.15377930529427053
202,I,V,1.4193610950334512,0.0,0.1796422758272129
203,T,T,1.4900311088464382,0.0552325581395348,0.16652910262301496
204,V,V,1.3814807312576531,0.0017241379310344,0.20944732292560653
205,S,G,1.822537015936327,0.0064516129032258,0.11719805139247962
206,T,S,0.8416967293560055,0.0011627906976744,0.24570552119534125
207,K,S,0.5982456998134256,0.3444915254237288,0.07662025593270652
208,R,N,0.7030190000855621,0.4762773722627737,0.016426370099838133
209,S,Y,1.1370605826245026,0.1851612903225806,0.060807729322593394
210,Q,Q,1.7682990218457195,0.1853333333333333,0.1336915104561679
211,Q,Q,2.4972220169333026,0.232,0.03950019469831555
212,A,S,1.9003090957313564,0.4131782945736434,0.08956402368022179
213,V,F,1.4186136648221706,0.0810344827586206,0.14145185248711584
214,I,V,1.151039205384091,0.4791878172588832,0.13275664446005966
215,P,P,0.4681186456318802,0.0823899371069182,0.19975508114337204
216,N,S,0.6448824862093739,0.1071794871794871,0.08265268872673973
217,I,P,0.9963120049353978,0.1238578680203045,0.10105742532601655
218,G,G,0.9252492585944164,0.1538461538461538,0.20460033048920204
219,S,A,1.0176520537083285,0.2206451612903226,0.10122209234933052
220,R,R,0.9720240628188545,0.0244525547445255,0.19542162033925478
221,P,P,1.2608333609103366,0.089937106918239,0.10515338628992253
222,R,Q,1.550031603504034,0.5182481751824818,0.1426156327635064
223,V,V,1.352875625479967,0.1781725888324873,0.06831887201768122
224,R,N,2.348932937864629,0.4003649635036496,0.178454011508743
225,D,G,1.950429236311112,0.6384615384615384,0.18268211150565727
226,I,L,0.7629431683806813,0.1172588832487309,0.35006600346746897
227,P,S,1.0534717835528746,0.1289308176100629,0.15465233775192144
228,S,G,0.658611204467719,0.0767741935483871,0.10055772738825505
229,R,R,0.7475149838360471,0.0328467153284671,0.23705329457406626
230,I,I,0.539466791974108,0.0,0.1563768559811786
231,S,D,0.8151692022524247,0.0225806451612903,0.05606903874813348
232,I,F,0.6669791537350659,0.0025380710659898,0.2028874394435262
233,Y,H,0.6783539466091937,0.1954372623574144,0.08533332390957837
234,W,W,0.2770578548705019,0.1596491228070175,0.0825910565057687
235,T,L,0.9998772480212564,0.0267441860465116,0.1802793033020782
236,I,M,0.5626283134872493,0.1670050761421319,0.14790380790904117
237,V,L,0.5820140443238696,0.0017241379310344,0.10182430124275349
238,K,N,0.5670675089124322,0.2716101694915254,0.05521378981979477
239,P,P,0.9911502901219345,0.3477987421383647,0.10503867884941644
240,G,N,2.3893856094673303,0.4442307692307692,0.0677937560927658
241,D,D,1.539326133387787,0.072020725388601,0.20528720328450836
242,I,T,1.1510174818946084,0.2345177664974619,0.11644616416951323
243,L,V,0.8999745234680612,0.0024875621890547,0.23547033142019153
244,L,T,1.1483925517402755,0.0746268656716417,0.0735125107567817
245,I,F,0.7364370763165544,0.0015228426395939,0.17493273231685386
246,N,S,1.182044333587167,0.2056410256410256,0.3949371551185281
247,S,F,0.7945774760202733,0.0,0.31375149611709896
248,T,N,0.6089774276531842,0.2203488372093023,0.39378445387523253
249,G,G,1.1723550794413424,0.0,0.14624078649780023
250,N,A,0.9129147388315472,0.0,0.38432286311561714
251,L,F,1.0388657609310537,0.0,0.10467757768081629
252,I,I,0.6715286199740462,0.0,0.07094865488354019
253,A,A,0.7539717184507249,0.0,0.348743494044018
254,P,P,0.914176081232181,0.0062893081761006,0.34735985113173157
255,R,D,0.9001266798565407,0.2240875912408759,0.19469985953697067
256,G,R,1.7541950867717453,0.0067307692307692,0.4387207924715607
257,Y,A,0.9402091051761572,0.0452471482889733,0.28288230234154355
258,F,S,0.8433934988286076,0.0212499999999999,0.35824282880833025
259,K,F,0.8711648571684892,0.1682203389830508,0.09444681484171807
260,I,L,2.7025280158267058,0.1411167512690355,0.09332375614959382
261,R,R,5.098389933275286,0.437956204379562,0.05288053644892744
262,S,G,5.2770594336000745,0.76,0.07056786829720973
263,G,K,2.905150918547472,0.4298076923076923,0.060458213241144046
263a,,,,,
264,K,,,0.5436440677966102,
265,S,S,2.708215270763763,0.072258064516129,0.20633168143375516
266,S,M,3.35063800888732,0.0580645161290322,0.14032683186247624
267,I,G,2.70485716979021,0.0411167512690355,0.19333292272605376
268,M,I,2.4948612896802627,0.0290178571428571,0.15709174553355246
269,R,Q,2.481146331564012,0.4299270072992701,0.14358884181804105
270,S,S,2.0705400311870945,0.052258064516129,0.10067962210322376
271,D,G,1.2442928372371749,0.5191709844559586,0.10973107534813054
272,A,V,1.577419061264022,0.0852713178294573,0.06543275707836738
273,P,Q,1.796836722267135,0.4421383647798741,0.050112746750452825
274,I,V,1.616529255982193,0.2609137055837563,0.19508775004513965
275,G,D,2.1951559336268245,0.0509615384615384,0.04325186307733188
276,K,A,3.2248800276212344,0.8211864406779662,0.029935435636488445
276a,,N,,,
277,C,C,2.120055282969264,0.204191616766467,0.20836657333712472
278,K,E,1.7858807870455498,0.5815384615384616,0.02797128381685283
279,S,G,1.9298365911948976,0.1335483870967742,0.3417654829747232
280,E,D,2.163526131048356,0.342152466367713,0.05030554457266348
281,C,C,1.8288307249711329,0.0017964071856287,0.014179902603687636
282,I,Y,1.2695233609945489,0.0015228426395939,0.24708348518848994
283,T,H,1.5044269559667074,0.0,0.12972135125648093
284,P,S,1.114835954266881,0.1270440251572327,0.15758080572559896
285,N,G,0.9506569468572744,0.3641025641025641,0.01857655294982634
286,G,G,0.5982247351524087,0.0,0.0006445251284337031
287,S,T,0.8116031570616895,0.0064516129032258,0.3551895358434718
288,I,I,1.6795386081024255,0.0030456852791878,0.10966105669871759
289,P,I,1.4169995780375098,0.3364779874213836,0.026839522012115563
290,N,S,2.057715618745325,0.242051282051282,0.0737992089656826
291,D,N,1.2353333202366483,0.3264248704663212,0.052323724960414916
292,K,L,0.912561539927075,0.1754237288135593,0.14146175780338036
293,P,P,0.7172949743435383,0.1213836477987421,0.14573485754602855
294,F,F,0.5310265101637945,0.0320833333333333,0.2077660609092377
295,Q,Q,0.500714672282353,0.0,0.06771294945548885
296,N,N,0.8689557175619539,0.2215384615384615,0.12146985843643104
297,V,I,0.5863033764714354,0.1419540229885057,0.03794929938856363
298,N,D,0.4252240793687295,0.1056410256410256,0.1334650466671807
299,R,S,1.278161359339172,0.2766423357664233,0.09967761165096958
300,I,R,2.0096669839683154,0.1644670050761421,0.3293766608844271
301,T,A,1.901214267256638,0.1191860465116279,0.09333472026555367
302,Y,V,2.625875321838292,0.0098859315589353,0.23636493355056432
303,G,G,2.307295179099808,0.0019230769230769,0.01719667396869863
304,A,K,2.160267095098375,0.0992248062015503,0.034872598799383855
305,C,C,1.6330053433824192,0.041317365269461,0.00015290430421061973
306,P,P,1.2682009419841025,0.0144654088050314,0.13428228481746696
307,R,R,1.1603749037483904,0.1423357664233576,0.16221123277750915
308,Y,Y,0.9871905085580974,0.2186311787072243,0.1385866658635774
309,V,V,1.0516936564792692,0.0,0.12846903842146062
310,K,K,0.9700530162279158,0.4279661016949153,0.05921578000368524
311,Q,Q,0.918507966243976,0.1368888888888889,0.04415433705345914
312,S,R,0.9007430106912152,0.4787096774193549,0.014601169034638983
313,T,S,0.6405803394393368,0.4046511627906976,0.05493247213442253
314,L,L,0.7134271494809002,0.0228855721393034,0.040706215383357086
315,K,L,0.7408008420802175,0.2783898305084746,0.05920980729043948
316,L,L,0.7771175284114853,0.0064676616915422,0.1328847693159255
317,A,A,0.6936438928363636,0.003875968992248,0.14709471151769277
318,T,T,0.8932454276193839,0.0936046511627907,0.046489263353586
319,G,G,0.9467066098169976,0.0,0.02221075184570187
320,M,M,1.1748248564474353,0.0,0.005053912992190986
321,R,K,1.2419184451372067,0.3346715328467153,0.19616519619920947
322,N,N,1.206974441340925,0.0405128205128205,0.002042336862565759
323,V,V,1.0845936969416654,0.1293103448275862,0.07791248520733937
324,P,P,1.3266419222180317,0.4006289308176101,0.06097649474035022
325,E,E,2.034772855691775,0.5771300448430493,0.06152215181199216
325a,,I,,,
330,G,G,0.3222394521091987,0.2509615384615384,0.09492089177751048
331,I,L,0.2584991807089427,0.1071065989847715,0.031484698520158866
332,F,F,0.3770137741082363,0.0854166666666666,0.031109860999401547
333,G,G,0.3208281283742287,0.0788461538461538,0.07259159423327534
334,A,A,0.1092026374151475,0.0,0.005820619225873978
335,I,I,0.2647560825470291,0.03248730964467,0.12434553154545383
336,A,A,0.3347929662535412,0.3341085271317829,0.0007608990343490388
337,G,G,0.2595798708547157,0.3692307692307692,0.00026013219485761523
338,F,F,0.3544235866011684,0.1583333333333333,0.08728383276168705
339,I,I,0.3392434204417597,0.03248730964467,0.06226722161595069
340,E,E,0.5311067531835141,0.6905829596412556,0.00042764477558256684
341,N,N,0.1521074656302935,0.221025641025641,
342,G,G,0.5924011552600809,0.0,0.0024377145117446186
343,W,W,0.4551037105530043,0.0810526315789473,0.0002783898537390351
344,E,E,0.514076058782011,0.3013452914798206,0.02120842909333679
345,G,G,0.274232249069337,0.4442307692307692,0.00986943175258628
346,M,L,0.1325986215177771,0.0111607142857142,0.16270289207811098
347,V,I,0.3679046646317871,0.7482758620689655,0.05597009996450459
348,D,D,0.8136898642380898,0.5673575129533679,0.06353690489460426
349,G,G,0.5713291652098553,0.0826923076923076,0.00044752418503918626
350,W,W,0.2608402473841229,0.1442105263157894,0.003635938555848825
351,Y,Y,0.1161776658759169,0.0,0.0002154632654498916
352,G,G,0.3095824906606719,0.0,0.0951136704365576
353,F,F,0.2119786981978251,0.0175,0.01648993261306778
354,R,R,0.4275943859439887,0.2970802919708029,0.08599058314165388
355,H,H,0.212644978981128,0.0910714285714285,0.13924846158009824
356,Q,Q,0.5504816749916629,0.5075555555555555,0.10261957048908031
357,N,N,0.5766985638342443,0.0687179487179487,0.20190114004265647
358,S,A,0.6675591326225192,0.5606451612903226,0.027003963874147267
359,E,Q,0.5125252059836158,0.5044843049327354,0.05385944026152702
360,G,G,0.5098335276174838,0.3192307692307692,0.016825212947576433
361,R,E,0.5626922372425548,0.7386861313868613,0.03885360192772706
362,G,G,0.3766355156855565,0.2249999999999999,0.0556248907705535
363,Q,T,0.4125249409372595,0.3053333333333333,0.11591110295449297
364,A,A,0.6927948642470121,0.1736434108527131,0.09333852988386851
365,A,A,0.2666372726911215,0.1341085271317829,0.0697792689122532
366,D,D,0.1982322421818609,0.0901554404145077,0.03855312029203784
367,L,Y,0.2117513341804921,0.7616915422885572,0.05096782756545948
368,K,K,0.4997913533018631,0.636864406779661,0.06447687869364249
369,S,S,0.4396028572101373,0.0438709677419354,0.12504501797171927
370,T,T,0.1826811775496027,0.0598837209302325,0.012016413213948956
371,Q,Q,0.1785675512366489,0.3595555555555556,0.11037619173819582
372,A,S,0.4510965313189266,0.2395348837209302,0.05641205329259005
373,A,A,0.4404549378047803,0.0,0.0848514295679175
374,I,I,0.1514577418635203,0.2101522842639593,0.12872763073997168
375,D,D,0.3140053317797482,0.4445595854922279,0.07073632246594347
376,Q,Q,0.3227449892010653,0.1653333333333333,0.12263898900931278
377,I,I,0.1979000723439966,0.03248730964467,0.01895159735345483
378,S,T,0.2517048001434387,0.358974358974359,0.12516753844541587
379,G,G,0.3309401010950988,0.0817307692307692,0.08738940619136654
380,K,K,0.3541485922248206,0.0042372881355932,0.3106982158267807
381,L,L,0.1973235130900221,0.1676616915422885,0.12320114454638473
382,N,N,0.3818723050678504,0.6082051282051282,0.12513777591887387
383,R,R,1.090164634959928,0.2492700729927007,0.07443708720677164
384,L,L,1.3918220867264353,0.0875621890547263,0.2246390165500838
385,I,I,1.4603557141602834,0.2730964467005076,0.3079978003293924
386,G,E,3.516523109900504,0.4490384615384615,0.08403570965887186
387,K,K,2.425590673306523,0.4635593220338983,0.1075133291246651
388,T,T,4.287926100247866,0.1912790697674418,0.1385699178081719
389,N,N,3.993833303235163,0.3435897435897436,0.10137735736297662
390,E,Q,4.163893854519467,0.4502242152466368,
391,K,Q,1.656488806173194,0.1402542372881356,
392,F,F,3.505783354435122,0.1629166666666666,0.20781102561647913
393,H,E,1.195818641411579,0.1790178571428571,0.13750335235649278
394,Q,L,3.42663582093839,0.112,0.3363706155404065
395,I,I,2.1969813979039228,0.0690355329949238,0.09459078139027124
396,E,D,2.313263628647904,0.2,0.2585116163612875
397,K,N,7.01387832813225,0.0978813559322034,0.28680483473801044
398,E,E,5.076420323896265,0.5304932735426009,0.18212981472697687
399,F,F,7.554504581291767,0.2295833333333333,
400,S,N,6.0527735685000295,0.5193548387096775,0.053649810410241236
401,E,E,4.819322159488152,0.2829596412556054,0.04740627441663513
402,V,V,8.174220620732406,0.3626436781609195,0.060181649428619366
403,E,E,4.299700892074889,0.3058295964125561,0.3369442453284223
404,G,K,3.4964009308041453,0.0403846153846153,
405,R,Q,2.2610005907738184,0.1215328467153284,
406,V,I,1.4530382306100302,0.1979695431472081,0.09812731467027291
407,Q,G,1.33293240919165,0.0626666666666666,0.15354129892102614
408,D,N,1.3263592510570006,0.1683937823834196,0.06992108353051854
409,L,V,0.6674242946819156,0.0029850746268656,0.10074652393452077
410,E,I,0.312197744153668,0.0255605381165919,0.44346343059525084
411,K,N,0.4219000472356482,0.4529661016949153,0.08787340456618478
412,Y,W,0.7476510751618234,0.0334600760456273,0.277921230037268
413,V,T,0.7114843529428233,0.0413793103448275,0.12025841480974261
414,E,R,0.3225651256375619,0.0201793721973094,0.37726914761261976
415,D,D,0.263166238413979,0.2212435233160622,0.055137640451859066
416,T,S,0.6799317439405876,0.0808139534883721,0.24059103862588369
417,K,I,0.6863417181836361,0.0800847457627118,0.33542013377675944
418,I,T,0.4672920673124986,0.0131979695431472,0.2393416886726894
419,D,E,0.5608793868401994,0.0212435233160621,0.10348927561003535
420,L,V,0.5088736956637403,0.0159203980099502,0.10535910881798756
421,W,W,0.5682152970164056,0.0361403508771929,0.03748970190507839
422,S,S,0.4974569185148529,0.0264516129032258,0.07874788917339445
423,Y,Y,0.5780852808750264,0.1749049429657794,0.011719139864026937
424,N,N,0.6367983987481906,0.0358974358974358,0.09763018494472263
425,A,A,0.381662758351777,0.0,0.04182722964688927
426,E,E,0.1741239659547645,0.3049327354260089,0.048071543153553484
427,L,L,0.3692926177590875,0.0786069651741293,0.09659130594442655
428,L,L,0.4016589514653416,0.0333333333333333,0.20607949171000375
429,V,V,0.4644028344020751,0.007471264367816,0.021955836119855805
430,A,A,0.4521756291550082,0.0325581395348837,0.2475964395858633
431,L,M,0.1651144353809645,0.1422885572139303,0.0736393783428338
432,E,E,0.2225785896880756,0.0174887892376681,0.11401069538021172
433,N,N,0.244425928947488,0.0,0.03429869897529812
434,Q,Q,0.2439823842044741,0.0782222222222222,0.11940900568291843
435,H,H,0.282613802632274,0.1464285714285714,0.3196572326966224
436,T,T,0.2707266091229008,0.0,0.33356213876813234
437,I,I,0.2065522228237866,0.0609137055837563,0.20253752170326844
438,D,D,0.3538941712453057,0.0715025906735751,0.02886293006465171
439,L,L,0.354251573278945,0.0029850746268656,0.06643538296252571
440,T,A,0.2403548832897389,0.0034883720930232,0.1878143306347128
441,D,D,0.237111509512898,0.0015544041450777,0.13182331865616237
442,S,S,0.3574256471877251,0.0083870967741935,
443,E,E,0.4515273372779051,0.0600896860986547,0.14859759603238287
444,M,M,0.4196228232330709,0.0,0.18165271522467452
445,N,D,0.3366535750404543,0.1528205128205128,0.20601029937858142
446,K,K,0.1907666535969179,0.2186440677966101,0.02141926253712368
447,L,L,0.1898770022764609,0.0243781094527363,0.023384139302818657
448,F,Y,0.1650800991034549,0.0,0.10609393608012369
449,E,E,0.0822393089848317,0.1941704035874439,0.06426048555938339
450,K,R,0.2533156287827569,0.4059322033898305,0.05073218772818139
451,T,V,0.2260246622808076,0.0093023255813953,0.09884983725297716
452,K,K,0.3323578917135943,0.3216101694915254,0.07051863590544984
453,K,R,0.467944045966414,0.0813559322033898,0.10947934489000863
454,Q,Q,0.3707923495880346,0.1679999999999999,0.051779922585029656
455,L,L,0.1961263567736215,0.0049751243781094,0.10514129963364643
456,R,R,0.3476574270186891,0.122992700729927,0.18104520528715223
457,E,E,0.3487820676410227,0.1309417040358744,0.08958531423402027
458,N,N,0.1787253308092695,0.0,0.03254739096921075
459,A,A,0.2077103531858017,0.0914728682170542,0.044188181153573744
460,E,E,0.2347333280827678,0.0161434977578475,0.010130609892055178
461,D,E,0.236270502642745,0.0715025906735751,0.15986694460326556
462,M,D,0.6888261384915739,0.3915178571428571,0.21656700815214225
463,G,G,0.7649579603135237,0.2413461538461538,0.11152804612112524
464,N,T,0.6868114886435773,0.3261538461538462,0.28259143256196584
465,G,G,0.3126858251766014,0.0,0.031506552381432275
466,C,C,0.1911772188140051,0.0766467065868263,0.00038868749794869874
467,F,F,0.4464899535458868,0.0133333333333333,0.16390429463304373
468,K,E,0.2746361150793993,0.3360169491525424,0.22070381441238066
469,I,I,0.2395281225826875,0.0060913705583756,0.08096983622555862
470,Y,F,0.4592257880660763,0.0699619771863117,0.04048523740144252
471,H,H,0.3249442519355302,0.0026785714285714,0.00024058754371519004
472,K,K,0.1873203656499116,0.4783898305084746,0.028368784116868866
473,C,C,0.3236280815369799,0.0107784431137724,0.0028103446303348973
474,D,D,0.3101049067407542,0.2953367875647668,0.14214301913586028
475,N,D,0.7789999183990673,0.3876923076923076,0.0731295798558319
476,A,D,0.8258764252177635,0.5992248062015504,0.061491936451049986
477,C,C,0.3736391816202681,0.0191616766467065,0.007284795679978822
478,I,M,0.3566753186396317,0.0015228426395939,0.011165482922106094
479,G,A,0.2843686296241156,0.1673076923076923,0.030260467103619244
480,S,S,0.2020052387986852,0.132258064516129,0.07524662409565983
481,I,I,0.4254832390812432,0.0060913705583756,0.03242524092020266
482,R,R,0.414450880984998,0.3051094890510948,0.14662975019766486
483,N,N,0.414126902561205,0.6225641025641026,0.07111793280329162
484,E,N,0.1631489358349217,0.5009615384615385,0.0380659177767207
485,T,T,0.299031976643272,0.5290697674418605,
486,Y,Y,0.2225667727680636,0.0657794676806083,
487,D,D,0.3058609052092896,0.4378238341968912,0.051449218752569206
488,H,H,0.3391211643862432,0.0986607142857143,0.07211745369293421
489,N,S,0.2222860704294782,0.522279792746114,0.03278950376674977
490,V,K,0.4414253206174037,0.5626436781609195,0.034626649644333374
491,Y,Y,0.1350232040158709,0.1939163498098859,0.047676546890682237
492,R,R,0.2740757225989268,0.0715328467153284,0.01473557806147991
493,D,E,0.6988812913335594,0.4139896373056995,0.06102909743378601
494,E,E,0.394050847570597,0.3757847533632287,
495,A,A,0.1308334379109177,0.0,0.005940650640905331
496,L,M,0.7168874153372169,0.0736318407960199,0.1037942782704526
497,N,Q,1.0555850432148683,0.5548717948717948,0.04694753054489806
498,N,N,0.7146556028507334,0.2143589743589743,
499,R,R,1.42452568021731,0.0310218978102189,0.013573247788693898
500,F,,,0.2020833333333333,
501,Q,,,0.496,
502,I,,,0.8862944162436548,
