struct_site,h3_site,h5_site,h7_site,h3_wt_aa,h5_wt_aa,h7_wt_aa,rmsd_h3h5,rmsd_h3h7,rmsd_h5h7,4o5n_aa_RSA,4kwm_aa_RSA,6ii9_aa_RSA
9,9,9,,S,K,,9.167400374563742,,,1.0842767295597484,1.140251572327044,
10,10,10,,T,S,,8.157247291403186,,,0.15096153846153845,0.17596153846153847,
11,11,11,11,A,D,D,5.04004023302199,2.9846261017054263,2.8866154475978476,0.050387596899224806,0.09792746113989637,0.6243523316062176
12,12,12,12,T,Q,K,3.9376022839625984,1.626753766730472,3.3843499201010094,0.2686046511627907,0.21688888888888888,0.3686440677966102
13,13,13,13,L,I,I,3.687798324997506,1.7340388883901463,2.549524191409754,0.0,0.0,0.0
14,14,14,14,C,C,C,3.3041029538065882,1.4540495971883387,2.4981203109501964,0.14610778443113773,0.04431137724550899,0.07664670658682635
15,15,15,15,L,I,L,3.666964043758278,1.494556739022126,2.721041340001843,0.013432835820895524,0.016243654822335026,0.010945273631840797
16,16,16,16,G,G,G,3.0115454668522594,1.2815013269441302,2.1207174824750776,0.0,0.0,0.0
17,17,17,17,H,Y,H,2.275935363537777,1.2836171850029263,1.3407663264843865,0.0,0.14752851711026616,0.0
18,18,18,18,H,H,H,0.7844969251612928,1.3743022230626953,1.104515351564675,0.09330357142857142,0.12053571428571429,0.10178571428571428
19,19,19,19,A,A,A,2.517692440503411,1.0587469043489028,2.2795117042729265,0.03255813953488372,0.043410852713178294,0.03255813953488372
20,20,20,20,V,N,V,3.099152869148271,1.6093343860056901,3.2879621824721488,0.16954022988505746,0.13948717948717948,0.3839080459770115
21,21,21,21,P,N,S,3.930844210758118,1.6308923858541828,5.118324071345348,0.6830188679245283,0.7261538461538461,0.5561290322580645
22,22,22,22,N,S,N,3.2362626917637907,1.4923332465439456,4.369391721724749,0.6174358974358974,0.14129032258064514,0.7164102564102564
23,23,23,23,G,T,G,4.9882178624783045,1.527531334875116,4.9118051065729,0.25,0.6651162790697674,0.23557692307692307
24,24,24,24,T,E,T,3.9493650098924546,0.9209664813558001,3.6367644509174792,0.2058139534883721,0.4493273542600897,0.29767441860465116
25,25,25,25,I,Q,K,4.06438943892464,0.83333241926966,3.5899428540817255,0.3710659898477157,0.3453333333333333,0.5572033898305084
26,26,26,26,V,V,V,3.5359573570711347,0.8254808893922382,2.917298589574261,0.01896551724137931,0.0,0.017241379310344827
27,27,27,27,K,D,N,4.407676782657764,1.0607236099542514,3.642562351357773,0.4033898305084746,0.11709844559585493,0.28615384615384615
28,28,28,28,T,T,T,5.2231977108753345,1.0110048604431983,4.449511351271853,0.01802325581395349,0.02383720930232558,0.033720930232558136
29,29,29,29,I,I,L,6.925097592389032,0.9924531135819403,6.145681180686852,0.01928934010152284,0.03401015228426396,0.04129353233830846
30,30,30,30,T,M,T,7.153764526561213,0.9834230568593905,6.570437352733978,0.09186046511627907,0.0625,0.05174418604651163
31,31,31,31,N,E,E,6.29069488312384,1.1985243569820438,5.631770392186462,0.3158974358974359,0.37130044843049326,0.40986547085201797
32,32,32,32,D,K,R,6.652421641038489,1.7131145360956397,5.589728183708463,0.4150259067357513,0.514406779661017,0.731021897810219
33,33,33,33,R,N,G,6.478427204094162,1.1342513398956764,5.364926364086529,0.5724444444444445,0.4015384615384615,0.24423076923076922
34,34,34,34,I,V,V,5.407286350290999,0.7342311391759078,5.1148251195353165,0.09137055837563451,0.07988505747126437,0.02413793103448276
35,35,35,35,E,T,E,4.932731795472092,0.9397820399391679,4.624496510137794,0.2928251121076233,0.27674418604651163,0.332286995515695
36,36,36,36,V,V,V,3.714452739010909,1.0799948670903194,3.245306587552021,0.0,0.0,0.0
37,37,37,37,T,T,V,2.335898424312219,0.7458037909381496,2.0795953414144304,0.07790697674418605,0.019767441860465116,0.14195402298850573
38,38,38,38,N,H,N,2.229671061636778,0.8469786678185279,1.684099366512717,0.46102564102564103,0.37008928571428573,0.5087179487179487
39,39,39,39,A,A,A,1.951283679627235,0.9353821289016562,1.4527425178955033,0.08604651162790697,0.16744186046511628,0.11782945736434108
40,40,40,40,T,Q,T,1.7654407825223577,0.8758095864817284,1.4665089299625653,0.29767441860465116,0.3795555555555556,0.311046511627907
41,41,41,41,E,D,E,1.9330087410796206,0.6074418794209714,1.4870274643432333,0.21076233183856502,0.27150259067357513,0.15426008968609864
42,42,42,42,L,I,T,1.8709418972234377,0.7676208003768541,1.6865089481923423,0.0,0.00964467005076142,0.0034883720930232558
43,43,43,43,V,L,V,1.9356684902064407,0.7006156925315554,1.7183677181730288,0.008620689655172414,0.0034825870646766166,0.0011494252873563218
44,44,44,44,Q,E,E,1.8472384496307745,0.9117384385814311,1.3370370934471405,0.042666666666666665,0.09775784753363229,0.13228699551569506
45,45,45,45,N,K,R,2.532716891759897,1.237568411069044,1.3931201577669188,0.5441025641025641,0.4423728813559322,0.37262773722627734
46,46,46,46,S,T,T,3.206704586743708,3.0128113677092765,0.9420854836082239,0.39483870967741935,0.5622093023255814,0.5424418604651162
47,47,47,47,S,H,N,2.1944893844763893,1.1745500704591203,1.7647957074964433,0.24322580645161293,0.3040178571428571,0.27794871794871795
48,48,48,48,I,N,I,2.5862676424962796,2.175508613049054,1.686219549473784,0.5456852791878173,0.3882051282051282,0.19695431472081218
49,49,49,49,G,G,P,1.6879672545966917,1.1466782541494598,0.5627242111000444,0.2971153846153846,0.2173076923076923,0.5113207547169811
50,50,50,50,K,K,R,1.4714144116222436,1.1856002228641163,0.32963518329963676,0.4358744394618834,0.2775423728813559,0.33138686131386863
51,51,51,51,I,L,I,1.3889873914923867,1.2391947135299723,0.9417806460713826,0.0,0.004975124378109453,0.0
52,52,52,52,C,C,C,2.359307528075818,1.478387944605233,1.9966962950275395,0.02035928143712575,0.0,0.0
52a,,53,,,D,,,,,,0.12124352331606217,
53,53,54,53,N,L,S,7.773337601601332,2.547314182610575,5.468882569794894,0.28704663212435233,0.08706467661691543,0.05419354838709678
54,54,54a,54,S,N,K,6.742822743610873,2.10474770458476,6.8061337452500075,0.2567741935483871,0.5383419689119171,0.4406779661016949
55,55,55,55,P,G,G,3.001933511699831,3.7029711169849406,1.9614614757360767,0.3786163522012579,0.5288461538461539,0.7586538461538462
56,56,56,56,H,V,K,3.2514059495274545,3.59887017570082,1.57990057704263,0.06473214285714286,0.2827586206896552,0.188135593220339
57,57,57,57,Q,K,R,1.1658308847605565,3.2055714753985867,3.1756429335206247,0.43288888888888893,0.4004237288135593,0.5737226277372263
58,58,58,58,I,P,T,1.744705453911102,2.7148371622594656,3.166830943339895,0.15532994923857868,0.04968553459119497,0.28081395348837207
59,59,59,59,L,L,V,2.097852672514036,1.911984957340009,2.786681325392735,0.04029850746268657,0.05970149253731343,0.08735632183908046
60,60,60,60,D,I,D,1.8021392584530282,1.5024049352273081,1.8183841374422198,0.20414507772020724,0.21218274111675126,0.37616580310880826
61,61,61,61,G,L,L,1.3466234935007573,1.8022434302753216,1.076124911359306,0.0,0.0,0.023383084577114428
62,62,62,62,G,K,G,1.2167610224146757,1.2264489349154613,0.2519717964368145,0.4820627802690583,0.5317518248175183,0.1548076923076923
63,63,63,63,N,D,Q,0.8992930660683766,1.382669167345022,1.3031339274783775,0.27589743589743587,0.4020725388601036,0.6297777777777778
64,64,64,64,C,C,C,0.559735748868104,2.025155698648099,1.8105968989821362,0.011377245508982035,0.00718562874251497,0.010778443113772455
65,65,65,65,T,S,G,1.1298972464310209,1.8684572949947358,1.508883368294644,0.1436046511627907,0.008387096774193548,0.04807692307692308
66,66,66,66,L,V,L,1.8972179806984169,0.9227546694991348,1.9824855920823787,0.0,0.0,0.007462686567164179
67,67,67,67,I,A,L,1.6511764161441815,1.7303931801688426,2.495276599523465,0.0,0.002325581395348837,0.0
68,68,68,68,D,G,G,0.8081703194411657,2.483890546334056,2.3907755954238787,0.0,0.0,0.0
69,69,69,69,A,W,T,0.943246814243368,3.035505527564255,2.5349298316159232,0.061240310077519386,0.01964912280701754,0.0
70,70,70,70,L,L,I,0.94090097858616,2.841854203236189,2.0767538787621143,0.005970149253731343,0.004975124378109453,0.03401015228426396
71,71,71,71,L,L,T,0.8086843672590466,1.8281818453711536,1.044530084665807,0.006467661691542289,0.006467661691542289,0.0017441860465116279
72,72,72,72,G,G,G,0.6029432822673213,0.9513775247163697,0.44543382010019905,0.022115384615384613,0.1,0.0
73,73,73,73,D,N,P,0.7390057698143463,1.270378270464883,0.7321352810023214,0.006735751295336788,0.018974358974358976,0.0
74,74,74,74,P,P,P,0.8817108710048561,0.3206951370141125,0.9151400094492235,0.09371069182389938,0.016981132075471698,0.17358490566037738
75,75,75,75,Q,M,Q,0.9585687252641696,1.6946141197514053,1.7536067827024864,0.28844444444444445,0.37678571428571433,0.19644444444444445
76,76,76,76,C,C,C,0.37825682952833717,1.7535272857760984,1.6572974283272952,0.010778443113772455,0.02694610778443114,0.0
77,77,77,77,D,D,D,0.4653357749814921,0.9413534333548407,1.3548500791460214,0.2088082901554404,0.3005181347150259,0.34041450777202076
78,78,78,78,G,E,Q,0.6035105820971355,1.1000122968004449,1.5290129481840788,0.6557692307692308,0.462780269058296,0.644
79,79,79,79,F,F,F,0.6527849191484622,1.3134228103097971,0.7870981563494055,0.07083333333333333,0.05583333333333333,0.10583333333333332
80,80,80,80,Q,I,L,1.3796112693826674,1.8611764244200066,1.8813130192776886,0.34355555555555556,0.4416243654822335,0.1383084577114428
81,81,81,81,N,R,E,1.9357860903321076,1.0430674022530757,1.8231588457596362,0.3584615384615385,0.5528205128205128,0.3695067264573991
81a,,82,,,V,,,,,,0.12298850574712643,
82,82,82a,82,K,P,F,3.5324229034996355,1.0445437069902201,4.154580168749789,0.3817796610169491,0.5974842767295597,0.057916666666666665
83,83,83,83,E,E,S,3.121101161212444,2.259531073014356,3.4634639535345846,0.3877118644067797,0.35874439461883406,0.2032258064516129
84,84,84,84,W,W,A,1.7127265073974167,2.7921551445990285,2.607763925666713,0.00631578947368421,0.006666666666666666,0.0
85,85,85,85,D,S,D,1.1499344548416919,3.1134078974348243,3.219341324231217,0.26424870466321243,0.07741935483870968,0.43419689119170984
86,86,86,86,L,Y,L,1.3856428868269415,3.128930549803776,3.4770250817645962,0.0029850746268656717,0.0,0.0029850746268656717
87,87,87,87,F,I,I,1.295293169544088,2.4061891318702413,2.7348669650876882,0.0,0.0,0.006091370558375634
88,88,88,88,V,V,I,0.9037790141898197,2.322039378794183,2.417493523214141,0.0,0.0017241379310344827,0.0
89,89,89,89,E,E,E,0.6545969309185732,2.2681478514909026,2.003187891316564,0.061883408071748885,0.014349775784753363,0.06905829596412556
90,90,90,90,R,R,R,1.6715677108022573,2.0430586461796434,2.387036621100881,0.07445255474452554,0.19194915254237288,0.08065693430656935
91,91,91,91,S,A,R,3.0111163276518194,2.206987139968543,2.961993932082206,0.6283870967741936,0.5573643410852713,0.5591240875912409
92,92,92,92,R,N,E,4.965474776795545,3.0408440421918317,4.554566326507522,0.5033898305084745,0.7646153846153846,0.47533632286995514
93,93,92a,93,A,P,G,1.663337930411336,3.279533751560356,2.698519868887627,0.18992248062015504,0.15345911949685534,0.30288461538461536
94,94,93,94,N,A,S,1.0974274510113584,4.108492777972509,4.828770657851512,0.4174904942965779,0.6046511627906976,0.2954838709677419
94a,,94,,,N,,,,,,0.12512820512820513,
95,95,95,95,S,D,D,3.162898925662859,5.992756061564966,2.983106157193591,0.19483870967741934,0.32694300518134717,0.1305699481865285
96,96,96,96,S,L,V,6.563156215069085,6.552762617701571,1.6110118704792857,0.4005128205128205,0.15771144278606966,0.13160919540229885
97,97,97,97,C,C,C,2.605585993007871,1.6087550929389733,1.9492998274298565,0.005389221556886228,0.05089820359281437,0.019760479041916166
98,98,98,98,Y,Y,Y,2.528283381529298,0.7356912638604672,2.232495152439744,0.045627376425855515,0.01596958174904943,0.023193916349809884
99,99,99,99,P,P,P,2.622777419284624,0.9146715050280895,2.3897802370620487,0.014465408805031445,0.08742138364779875,0.018238993710691823
100,100,100,100,Y,G,G,3.2818948228648277,1.0189104501196795,2.6322280484053455,0.14410646387832698,0.32403846153846155,0.14807692307692308
101,101,101,101,D,S,K,1.9814298256099343,1.7932832840579878,3.0487688134425666,0.20259067357512955,0.4492307692307692,0.25466101694915255
102,102,102,102,V,L,F,0.5842753752953183,2.063926653194902,1.8835571551801076,0.06436781609195402,0.0575,0.018333333333333333
103,103,103,103,P,N,V,1.88632431744611,2.587919374614254,1.0420465755002306,0.3421383647798742,0.3076923076923077,0.31494252873563217
104,104,104,104,D,D,N,1.837480902724292,2.457778684777756,0.9640353515022274,0.45388601036269427,0.2823834196891192,0.4548717948717949
105,105,105,105,Y,Y,E,1.4038660232138669,2.1405479111679844,0.7649704262973223,0.2980988593155894,0.12813688212927757,0.11973094170403586
106,106,106,106,A,E,E,0.8336095099694991,1.7281573867528093,1.30859121186251,0.2798449612403101,0.1515695067264574,0.04977578475336323
107,107,107,107,S,E,A,1.115340530162624,1.773056304145533,1.5094154419509043,0.012258064516129031,0.019730941704035877,0.0
108,108,108,108,L,L,L,1.5757750332344742,2.095426271348639,1.2220160898063823,0.0,0.0,0.0
109,109,109,109,R,K,R,1.8696459209593335,1.7565691905911411,1.3477665787414965,0.015328467153284672,0.01949152542372881,0.025912408759124088
110,110,110,110,S,H,Q,2.051024314455606,1.8099801610236261,2.082145410683132,0.03096774193548387,0.21562499999999998,0.03244444444444444
111,111,111,111,L,M,I,1.5949916193427436,1.6563047871958116,2.1099149097731114,0.04427860696517413,0.217910447761194,0.11065989847715736
112,112,112,112,V,L,L,3.159604756412559,1.578317024820889,2.6699130128662354,0.01896551724137931,0.0014925373134328358,0.0
113,113,113,113,A,S,R,4.480725145014111,1.599614696263342,3.831254310929899,0.0,0.1535483870967742,0.03868613138686131
114,114,114,114,S,R,E,3.2497238277810485,2.3244565721116146,3.3592427337811848,0.23612903225806453,0.4474452554744525,0.34080717488789236
115,115,115,115,S,I,S,1.8155670550213772,1.8370354991471345,2.54355688608467,0.06451612903225806,0.02284263959390863,0.0064516129032258064
116,116,116,116,G,N,G,2.9482190738506246,3.21390905869836,2.418799235438481,0.028846153846153848,0.10051282051282052,0.052884615384615384
117,117,117,117,T,H,G,3.1530444214313347,1.479946146059994,2.8522150737594134,0.015697674418604653,0.21205357142857142,0.0
118,118,118,118,L,F,I,4.4095391424873895,2.926388995223582,2.031777773594523,0.00945273631840796,0.03333333333333333,0.0
119,119,119,119,E,E,D,2.4884382442709216,2.217664731525909,1.4562536132461994,0.11210762331838565,0.41614349775784754,0.22590673575129536
120,120,120,120,F,K,K,0.7436940191758533,1.5641489497349974,1.688390249058971,0.05291666666666666,0.12584745762711863,0.034322033898305085
121,121,121,121,K,I,E,0.5918667981344624,1.526143091874368,1.7302342309416523,0.28,0.15380710659898478,0.2242152466367713
122,122,122,122,N,L,A,0.6677803268995782,1.7128816031622145,1.6419541259141759,0.5620512820512821,0.41200000000000003,0.5023255813953488
123,123,123,123,E,I,M,2.450648135783329,1.8850713783823374,1.8866674525315337,0.15336322869955157,0.05786802030456853,0.048660714285714286
124,124,124,124,S,I,G,3.1077042799924004,0.2564997430062929,2.992447210088018,0.783225806451613,0.0751269035532995,0.5490384615384616
124a,,125,,,P,,,,,,0.30251572327044024,
124b,,125a,,,K,,,,,,0.37584745762711863,
125,125,125b,125,F,S,F,8.405741376683787,1.6897924161066729,6.793290597105975,0.08125,0.7012903225806452,0.10875
126,126,126,126,N,S,T,4.8862854349314535,3.4279216877419953,1.7505925040265924,0.518974358974359,0.2161290322580645,0.6116279069767442
127,127,127,127,W,W,Y,3.2816924904753852,2.822202125774278,1.7613359712770664,0.03824561403508772,0.05403508771929825,0.1832699619771863
128,128,128,128,T,P,S,4.207912195081779,3.1750629640981116,2.844789858597001,0.6145348837209302,0.4696774193548387,0.6006451612903225
129,129,129,129,G,N,G,2.7582754820366,3.605331843288004,2.647185975006379,0.29134615384615387,0.5378238341968912,0.5259615384615385
130,130,130,130,V,H,I,1.7579805578685475,2.4540683094942746,2.145524003654236,0.05804597701149425,0.048214285714285716,0.09035532994923859
131,131,131,131,K,E,R,1.5341119058300219,1.7780775528887778,1.1734676350169981,0.3180232558139535,0.2991031390134529,0.2697080291970803
131a,,132,,,T,,,,,,0.06821705426356589,
132,132,133,132,Q,S,T,5.046744024051821,1.3654393801382914,4.367363363532801,0.37777777777777777,0.5361290322580645,0.3325581395348837
133,133,133a,133,N,L,N,5.136266954465926,3.1057797387074504,2.247597581298125,0.4523076923076923,0.3567741935483871,0.5825641025641025
134,134,134,134,G,G,G,1.0814625007807197,1.6317084820808643,1.8885486743110866,0.15096153846153845,0.06634615384615385,0.057692307692307696
135,135,135,135,T,V,A,1.0606701115482353,0.9251607463184591,0.38384577295881583,0.4569767441860465,0.3649425287356322,0.31705426356589145
136,136,136,136,S,S,T,1.1259237026520474,0.7936076225049263,0.7903402831824188,0.08387096774193549,0.1135483870967742,0.09302325581395349
137,137,137,137,S,A,S,1.707729554421618,1.2310663589072937,1.8280743922716747,0.5509677419354839,0.6432258064516129,0.4019354838709677
138,138,138,138,A,A,A,1.9223645919888581,1.5066166089294069,2.748454349013354,0.10620155038759689,0.10542635658914729,0.14263565891472868
139,139,139,139,C,C,C,1.8265957352505184,1.0656292608780717,2.542777570664296,0.0,0.0,0.0
140,140,140,140,K,P,R,2.5226302634244457,0.6777928040719681,2.634562039830397,0.3868020304568528,0.35094339622641507,0.5945255474452555
141,141,141,141,R,Y,R,2.731296669220201,1.213911166573836,3.4440942274737956,0.09817518248175182,0.376425855513308,0.2083941605839416
142,142,142,,G,Q,,3.7964573791319145,,,0.7222627737226277,0.6586666666666666,
143,143,143,143,S,G,S,4.0761103859324574,1.7666995120340636,5.7086793451080995,0.747741935483871,0.6826923076923077,0.8787096774193548
144,144,144,144,S,A,G,2.8898669410180107,1.6785505818869995,1.5219065697683591,0.583076923076923,0.4558139534883721,0.2759615384615385
145,145,145,145,S,P,S,2.275111218744455,0.7169919039023583,1.6437993834891012,0.4369230769230769,0.4723270440251572,0.4716129032258064
146,146,146,146,S,S,S,1.7433300662959699,0.6243164207116016,1.804111248050395,0.14709677419354839,0.08129032258064516,0.22838709677419353
147,147,147,147,F,F,F,1.1473778970262196,0.7513640661699771,1.5283806630954162,0.028333333333333332,0.04708333333333334,0.045000000000000005
148,148,148,148,F,F,Y,0.4275667646193591,1.058191032284187,1.056226363431905,0.008333333333333333,0.030833333333333334,0.02053231939163498
149,149,149,149,S,R,A,0.6942087167479009,0.8492346390285583,0.6310644401269437,0.16064516129032258,0.3186131386861314,0.237984496124031
150,150,150,150,R,N,E,0.28503344869618724,1.3991060412957055,1.2264808860692968,0.07992700729927006,0.03538461538461539,0.03587443946188341
151,151,151,151,L,V,M,0.3186228553953616,1.2365993589387825,1.0683648156682155,0.004975124378109453,0.023563218390804597,0.033035714285714286
152,152,152,152,N,V,K,0.5774133410822572,1.3327848797112898,1.0160759273189828,0.014871794871794871,0.004022988505747126,0.2940677966101695
153,153,153,153,W,W,W,0.6057260161161553,0.9978602662081583,0.7614007260699491,0.04596491228070175,0.04807017543859649,0.0663157894736842
154,154,154,154,L,L,L,0.6373968899273306,0.7946597702130496,0.9302379824810784,0.0,0.0,0.0
155,155,155,155,T,I,L,0.7234926107918027,0.8555297800281,0.7032179734999197,0.13604651162790696,0.11065989847715736,0.07164179104477612
156,156,156,156,S,K,S,0.9837220263747469,1.1424881862531022,1.3663102951210653,0.13660714285714287,0.13347457627118645,0.005161290322580645
157,157,157,157,L,K,N,1.2868466569647417,2.262782341049194,1.943636373982745,0.33930348258706466,0.3266949152542373,0.49333333333333335
158,158,158,158,N,N,T,1.1290965201687009,4.778890211075568,4.438098736182803,0.6702564102564103,0.7297435897435898,0.5058139534883721
158a,,,158a,,,D,,,,,,0.36787564766839376
158b,,,158b,,,N,,,,,,0.4907692307692308
159,159,159,159,N,D,A,1.1332118575617078,2.8503258979506945,3.5541309141735127,0.68375,0.5794871794871795,0.2496124031007752
160,160,160,160,I,A,A,1.218567030056964,3.707372474413238,4.720439570862794,0.6694915254237288,0.4273255813953488,0.6511627906976745
161,161,161,161,Y,Y,F,1.1373024124167117,1.819990123948199,2.430575934418671,0.018250950570342206,0.014828897338403042,0.037083333333333336
162,162,162,162,P,P,P,1.4991031858372184,1.5145075179778638,1.7710980315362266,0.370440251572327,0.2911949685534591,0.37672955974842764
163,163,163,163,A,T,Q,1.6406474853769117,1.350153944912669,1.6967224987669267,0.5782945736434109,0.4488372093023256,0.4808888888888889
164,164,164,164,Q,I,M,1.3410155463366598,1.6102527913868643,1.8960491396233905,0.038308457711442784,0.026903553299492386,0.08571428571428572
165,165,165,165,N,K,T,1.4379795574547096,1.3948221971460155,0.784098840376887,0.5148717948717949,0.4927966101694915,0.4145348837209302
166,166,166,166,V,I,K,0.9550754391494344,1.2990558108698835,1.1526292854553262,0.056896551724137934,0.24452554744525548,0.15254237288135594
167,167,167,167,T,S,S,0.9919672993345605,1.2232576220783309,1.3059641625969884,0.4563953488372093,0.4703225806451613,0.40516129032258064
168,168,168,168,M,Y,Y,0.9233154669252907,0.8327928528162195,1.4122023785937279,0.10892857142857142,0.152851711026616,0.057034220532319393
169,169,169,169,P,N,K,0.8634636573577256,1.2432665299979542,1.554037945308124,0.3069182389937107,0.4394871794871795,0.43771186440677967
170,170,170,170,N,N,N,1.0678872640393111,1.455695471047366,1.097605919994559,0.0,0.0,0.0
171,171,171,171,K,T,T,1.4729157983476509,2.1448215043830707,1.1337969952162474,0.6553846153846153,0.5848837209302326,0.5970930232558139
172,172,172,172,E,N,R,1.3797925466792698,1.7159881409846216,1.3512906106328206,0.36591928251121075,0.17128205128205126,0.2846715328467153
173,173,173,173,Q,R,K,1.5645918812991164,1.1753216789377399,1.3596271552282373,0.8466666666666667,0.6991111111111111,0.8453389830508474
174,174,174,174,F,E,S,1.4900616614120419,0.9650459145695569,0.6651619374214909,0.28708333333333336,0.24260089686098654,0.32838709677419353
175,175,175,175,D,D,P,1.4947873759265298,0.4016015651618533,1.504115731301734,0.21243523316062177,0.17512953367875647,0.2490566037735849
176,176,176,176,K,L,A,1.4911730467273474,0.40967084577935403,1.4296600281941705,0.009322033898305085,0.0,0.0
177,177,177,177,L,L,L,0.9702866763757269,0.7095498332547426,1.1254842686980764,0.023880597014925373,0.014427860696517412,0.007462686567164179
178,178,178,178,Y,I,I,0.3849248594740731,0.8542650004671983,1.2177745393150516,0.0011406844106463879,0.008121827411167513,0.005076142131979695
179,179,179,179,I,L,V,0.6599331578735969,1.1555361319332698,0.6884776614501388,0.029949238578680204,0.028855721393034824,0.040229885057471264
180,180,180,180,W,W,W,0.5386022674988953,1.0066592343360157,0.6248878427226282,0.002105263157894737,0.00456140350877193,0.0010526315789473684
181,181,181,181,G,G,G,0.44663035502810666,0.6988258336609068,0.3969924071439291,0.0,0.0,0.0
182,182,182,182,V,I,I,0.5747012152692265,0.5560466913136719,0.9134544682804275,0.0,0.011167512690355331,0.014720812182741117
183,183,183,183,H,H,H,0.6729378036907161,0.4849841639163894,0.83514030025739,0.009821428571428573,0.0,0.0013392857142857143
184,184,184,184,H,H,H,0.7053719798764255,0.4394671048586638,0.8652067790706599,0.04598214285714286,0.02142857142857143,0.034375
185,185,185,185,P,S,S,1.155764808982512,0.501090012983326,1.3618693330116955,0.00440251572327044,0.0,0.0
186,186,186,186,D,N,V,1.9822561581088136,0.5841165736662016,2.5645499751757224,0.05673076923076924,0.12615384615384617,0.2775862068965517
187,187,187,187,T,N,S,2.1046723167367047,1.2765225895413903,2.7679015246557443,0.31453488372093025,0.4046632124352331,0.25290322580645164
188,188,188,188,D,A,T,1.9800646642280024,2.0359956471304943,3.4834987664796047,0.6015544041450777,0.589922480620155,0.4662790697674419
189,189,189,189,K,E,A,1.618809851786514,2.1393954964965185,2.8778659484323112,0.763135593220339,0.49224806201550386,0.46976744186046515
190,190,190,190,N,E,E,1.2791529311386334,1.271202661701946,1.7552324886227282,0.3756476683937824,0.12511210762331837,0.2251121076233184
191,191,191,191,Q,Q,Q,1.1963152747251495,0.9582340628753031,2.015041312193759,0.0026666666666666666,0.015555555555555555,0.09111111111111111
192,192,192,192,F,T,T,1.182679941364024,1.5320938509699265,2.455187753063004,0.4177664974619289,0.3302325581395349,0.23837209302325582
193,193,193,193,S,N,K,1.0448493811088475,1.5939308796434117,2.131138219151715,0.6345833333333334,0.6165254237288136,0.3877118644067797
194,194,194,194,L,L,L,0.8055438946948681,0.9519017537594123,1.0160755236077719,0.14875621890547264,0.1517412935323383,0.09054726368159204
195,195,195,195,F,Y,Y,0.8082057417752118,0.7690634571142523,1.2184143412689754,0.0,0.0,0.0
196,196,196,196,A,K,G,0.5028228585198989,1.7004997304665022,1.9528340999195086,0.2294573643410853,0.2613333333333333,0.0
197,197,197,197,Q,N,S,1.5500606002347543,2.744886308447476,4.135957249056188,0.28888888888888886,0.20256410256410257,0.5496774193548387
198,198,198,198,S,P,G,1.3511054828279285,2.9637638200814105,2.2432187946387665,0.5793548387096774,0.6144654088050314,0.5230769230769231
199,199,199,199,S,T,N,2.2379527551065066,2.6980976673213815,1.1906357886393717,0.4703225806451613,0.6831395348837209,0.6512820512820513
200,200,200,200,G,T,K,1.9888151503974911,1.9556945706787785,0.8960680135953407,0.011538461538461537,0.023255813953488372,0.04745762711864406
201,201,201,201,R,Y,L,0.48211318352342747,1.4084379469763884,1.126900818115233,0.28102189781021897,0.13536121673003804,0.2935323383084577
202,202,202,202,I,I,V,0.7618125643374342,1.4193610950334512,1.2067108422136505,0.0,0.003045685279187817,0.010919540229885057
203,203,203,203,T,S,T,1.0185499523077044,1.4900311088464382,0.8004994538168003,0.055232558139534885,0.04129032258064516,0.0505813953488372
204,204,204,204,V,V,V,0.6185937436845852,1.3814807312576531,0.8391009249456473,0.0017241379310344827,0.006896551724137931,0.022988505747126436
205,205,205,205,S,G,G,0.33578640039310326,1.822537015936327,1.6482649549360293,0.0064516129032258064,0.0375,0.025
206,206,206,206,T,T,S,0.9693330860822867,0.8416967293560055,1.7213334435509096,0.0011627906976744186,0.005813953488372093,0.001935483870967742
207,207,207,207,K,S,S,2.1907185612396938,0.5982456998134256,2.1248319919062166,0.3444915254237288,0.2787096774193549,0.24451612903225806
208,208,208,208,R,T,N,2.5269865587974825,0.7030190000855621,2.2081405231872977,0.4762773722627737,0.7017441860465117,0.46102564102564103
209,209,209,209,S,L,Y,1.8025696860831348,1.1370605826245026,1.5695622816139363,0.18516129032258064,0.1900497512437811,0.13193916349809887
210,210,210,210,Q,N,Q,1.2021651676610845,1.7682990218457195,1.4137020938458762,0.18533333333333335,0.12871794871794873,0.09066666666666666
211,211,211,211,Q,Q,Q,2.039063098576217,2.4972220169333026,0.9155115001726133,0.232,0.12222222222222222,0.4351111111111111
212,212,212,212,A,R,S,1.8225969061479375,1.9003090957313564,0.594494716467628,0.4131782945736434,0.4102189781021898,0.24258064516129033
213,213,213,213,V,L,F,1.379578895549271,1.4186136648221706,0.607716926188778,0.08103448275862069,0.12985074626865672,0.08583333333333334
214,214,214,214,I,A,V,1.4805624694125368,1.151039205384091,0.5098300554585552,0.47918781725888326,0.46264367816091956,0.5511494252873563
215,215,215,215,P,P,P,1.1681785796042388,0.4681186456318802,0.7837747141210433,0.08238993710691823,0.07421383647798743,0.07672955974842767
216,216,216,216,N,K,S,1.1023813854317273,0.6448824862093739,1.0995319880855328,0.10717948717948718,0.2669491525423729,0.0664516129032258
217,217,217,217,I,I,P,1.4983354130742397,0.9963120049353978,2.4008047326358217,0.12385786802030456,0.24923857868020305,0.11132075471698112
218,218,218,218,G,A,G,1.8489442183760894,0.9252492585944164,2.4636435019254423,0.15384615384615385,0.03798449612403101,0.0
219,219,219,219,S,T,A,3.056075596291871,1.0176520537083285,3.75401001600108,0.2206451612903226,0.36104651162790696,0.15891472868217055
220,220,220,220,R,R,R,3.1121632381618687,0.9720240628188545,4.064437874610125,0.024452554744525547,0.02846715328467153,0.016423357664233577
221,221,221,221,P,S,P,2.579845418660748,1.2608333609103366,3.829699571055422,0.089937106918239,0.12193548387096774,0.0779874213836478
222,222,222,222,R,Q,Q,1.6334652162841565,1.550031603504034,3.0782483566918906,0.5182481751824818,0.636864406779661,0.6204444444444445
223,223,223,223,V,V,V,2.011329820528365,1.352875625479967,3.0488599534765,0.17817258883248732,0.22011494252873562,0.22988505747126436
224,224,224,224,R,N,N,1.5751354604749825,2.348932937864629,2.952910223364696,0.40036496350364964,0.6066666666666667,0.5030769230769231
225,225,225,225,D,G,G,0.5900962581550531,1.950429236311112,2.362044144434225,0.6384615384615384,0.5923076923076923,0.45576923076923076
226,226,226,226,I,Q,L,0.7951764978187167,0.7629431683806813,1.5274385473905152,0.11725888324873097,0.15555555555555556,0.18557213930348257
227,227,227,227,P,R,S,1.0869373956276664,1.0534717835528746,2.1284486784016634,0.1289308176100629,0.10258064516129033,0.14774193548387096
228,228,228,228,S,G,G,0.7725243420813422,0.658611204467719,1.3903432564248743,0.0767741935483871,0.0,0.0
229,229,229,229,R,R,R,1.1383776053149879,0.7475149838360471,1.4534793128365309,0.032846715328467155,0.016423357664233577,0.020072992700729927
230,230,230,230,I,M,I,0.8953042069079936,0.539466791974108,1.2072750309173403,0.0,0.0,0.0015228426395939086
231,231,231,231,S,D,D,0.4854323337320877,0.8151692022524247,1.0331464181472318,0.02258064516129032,0.10310880829015544,0.1694300518134715
232,232,232,232,I,F,F,0.7037044577985637,0.6669791537350659,0.6385953214953077,0.0025380710659898475,0.0,0.0
233,233,233,233,Y,F,H,0.20135127278930223,0.6783539466091937,0.7816249494586495,0.19543726235741443,0.095,0.12053571428571429
234,234,234,234,W,W,W,0.452689255809518,0.2770578548705019,0.7053012581576014,0.15964912280701754,0.12456140350877193,0.16035087719298247
235,235,235,235,T,T,L,1.6617779509761015,0.9998772480212565,0.7966168763643943,0.026744186046511628,0.09186046511627907,0.09800995024875621
236,236,236,236,I,I,M,1.3693788627769208,0.5626283134872493,1.1284476160402503,0.16700507614213198,0.1847715736040609,0.259375
237,237,237,237,V,L,L,1.1977378778761552,0.5820140443238696,1.2989905593784488,0.0017241379310344827,0.0014925373134328358,0.0034825870646766166
238,238,238,238,K,K,N,1.2779877411764795,0.5670675089124322,1.5520442507805268,0.2716101694915254,0.5084745762711864,0.42923076923076925
239,239,239,239,P,P,P,1.7651940582618857,0.9911502901219345,1.580375275264385,0.34779874213836476,0.25031446540880503,0.3339622641509434
240,240,240,240,G,D,N,1.6395400279753998,2.3893856094673303,2.480854955102933,0.44423076923076926,0.7143589743589744,0.5974358974358974
241,241,241,241,D,D,D,0.9411526538670167,1.539326133387787,2.015455601994284,0.07202072538860103,0.0989637305699482,0.07046632124352331
242,242,242,242,I,A,T,0.529423696693047,1.1510174818946084,1.6041107820008846,0.23451776649746195,0.12015503875968993,0.23313953488372094
243,243,243,243,L,I,V,0.883322245933594,0.8999745234680612,1.2113990224081101,0.0024875621890547263,0.005076142131979695,0.0
244,244,244,244,L,H,T,0.19057298648113222,1.1483925517402755,1.228829689863458,0.07462686567164178,0.12307692307692308,0.044186046511627906
245,245,245,245,I,F,F,0.14473660632829638,0.7364370763165544,0.5993627723112417,0.0015228426395939086,0.03875,0.0
246,246,246,246,N,E,S,0.9112764721136822,1.182044333587167,0.6671559618086785,0.20564102564102565,0.13811659192825113,0.08258064516129032
247,247,247,247,S,S,F,0.7033179975165804,0.7945774760202733,0.2727553425881819,0.0,0.0,0.0
248,248,248,248,T,N,N,1.4650173404738038,0.6089774276531842,1.1195836313739633,0.22034883720930232,0.10205128205128204,0.16461538461538464
249,249,249,249,G,G,G,0.6424395895143642,1.1723550794413424,0.6049638330831549,0.0,0.0,0.0
250,250,250,250,N,N,A,0.6715383916303973,0.9129147388315473,0.4489586947421597,0.0,0.0,0.007751937984496124
251,251,251,251,L,F,F,0.5723656376188204,1.0388657609310537,0.4902457525602304,0.0,0.0025,0.0
252,252,252,252,I,I,I,0.2837310819601804,0.6715286199740462,0.4470362166189736,0.0,0.0,0.0
253,253,253,253,A,A,A,0.343457798859281,0.7539717184507249,0.5342228808475922,0.0,0.0,0.0
254,254,254,254,P,P,P,0.451995958618046,0.914176081232181,0.47355618611987893,0.006289308176100629,0.0,0.030817610062893085
255,255,255,255,R,E,D,0.18239089952337026,0.9001266798565407,0.7824031662061337,0.2240875912408759,0.07174887892376682,0.21139896373056993
256,256,256,256,G,Y,R,2.6548443802107173,1.7541950867717453,1.3732684715297634,0.00673076923076923,0.26045627376425856,0.2587591240875913
257,257,257,257,Y,A,A,1.2494898164008454,0.9402091051761573,1.5782138742021743,0.04524714828897339,0.0,0.0
258,258,258,258,F,Y,S,0.48179445881123684,0.8433934988286076,1.156231746887896,0.021249999999999998,0.023193916349809884,0.001935483870967742
259,259,259,259,K,K,F,1.02610600842962,0.8711648571684892,0.7663333825856179,0.16822033898305086,0.10466101694915254,0.01875
260,260,260,260,I,I,L,1.756309768595643,2.7025280158267058,1.8089489068519344,0.14111675126903553,0.06598984771573604,0.20995024875621893
261,261,261,261,R,V,R,3.282586403965367,5.098389933275286,2.6078104438501746,0.43795620437956206,0.31724137931034485,0.39999999999999997
262,262,262,261a,S,K,G,4.208422598558376,5.2770594336000745,1.2490153433416291,0.76,0.4004237288135593,0.3894230769230769
263,263,262a,263,G,K,K,3.0405118352869276,2.9051509185474713,3.965025829410212,0.42980769230769234,0.3355932203389831,0.777542372881356
263a,,263,,,G,,,,,,0.14519230769230768,
264,264,264,,K,D,,1.8163372679975458,,,0.5436440677966102,0.4994818652849741,
265,265,265,264,S,S,S,2.6307099629717086,2.708215270763763,5.1483987926870345,0.07225806451612903,0.10451612903225806,0.10580645161290321
266,266,266,265,S,T,M,2.2752331650765525,3.3506380088873193,4.997561082229554,0.05806451612903226,0.10232558139534884,0.07589285714285714
267,267,267,266,I,I,G,1.4714331392708926,2.70485716979021,3.9369571695465906,0.04111675126903553,0.15126903553299492,0.06057692307692308
268,268,268,267,M,M,I,0.6522683796432068,2.4948612896802627,2.7289051646004543,0.029017857142857144,0.04367816091954023,0.00964467005076142
269,269,269,268,R,K,Q,0.4003980074302551,2.481146331564012,2.7033958632109627,0.4299270072992701,0.36694915254237287,0.032
270,270,270,269,S,S,S,0.777215532066345,2.0705400311870945,1.4965952572213006,0.05225806451612903,0.031612903225806455,0.014193548387096775
271,271,271,270,D,G,G,1.0030425060560924,1.2442928372371747,1.3408662460052805,0.5191709844559586,0.7955156950672646,0.6153846153846154
272,272,272,271,A,V,V,1.47501433060226,1.577419061264022,0.8335308641275715,0.08527131782945736,0.21724137931034482,0.20574712643678159
273,273,273,272,P,E,Q,1.9649241265431179,1.7968367222671353,1.4180755727271068,0.44213836477987417,0.5847533632286995,0.652888888888889
274,274,274,273,I,Y,V,1.5393079510518526,1.6165292559821933,0.6738332592513724,0.2609137055837563,0.2,0.29310344827586204
275,275,275,274,G,G,D,1.240817679665188,2.1951559336268245,1.1976684130332738,0.05096153846153846,0.2826923076923077,0.11502590673575129
276,276,,275,K,,A,,3.2248800276212344,,0.8211864406779662,,0.46434108527131784
276a,,276,276,,H,N,,,4.248615756984925,,0.6948717948717948,0.6507692307692308
277,277,277,277,C,C,C,2.3141327864700387,2.1200552829692634,2.612228772918596,0.20419161676646708,0.16467065868263472,0.15389221556886226
278,278,278,278,K,N,E,2.424751932899459,1.7858807870455498,1.5459798638377613,0.5815384615384616,0.4964102564102564,0.5452914798206278
279,279,279,279,S,T,G,2.3662631604541677,1.9298365911948976,0.7123165792402327,0.1335483870967742,0.06569767441860465,0.07307692307692307
280,280,280,280,E,K,D,2.215562720187359,2.163526131048356,1.7119898850817619,0.342152466367713,0.4411016949152542,0.4238341968911917
281,281,281,281,C,C,C,1.2079189723253319,1.8288307249711329,1.6537585297002437,0.0017964071856287425,0.03592814371257485,0.007784431137724551
282,282,282,282,I,Q,Y,0.8526886806954094,1.2695233609945487,1.7193962386949637,0.0015228426395939086,0.0,0.0
283,283,283,283,T,T,H,0.5453573527308794,1.5044269559667074,1.9479254913789543,0.0,0.005813953488372093,0.0732142857142857
284,284,284,284,P,P,S,0.8948324098550802,1.114835954266881,1.6924693140779126,0.1270440251572327,0.0880503144654088,0.2767741935483871
285,285,285,285,N,V,G,1.2276306503728067,0.9506569468572744,0.7489825100308922,0.3641025641025641,0.3426395939086294,0.2298076923076923
286,286,286,286,G,G,G,0.9677412515893157,0.5982247351524087,1.1590174480472968,0.0,0.0,0.0
287,287,287,287,S,A,T,0.8867924125625346,0.8116031570616895,1.0925799176928308,0.0064516129032258064,0.012403100775193798,0.0
288,288,288,288,I,I,I,1.8287267965068323,1.6795386081024257,2.282404072495322,0.003045685279187817,0.0715736040609137,0.0350253807106599
289,289,289,289,P,N,I,2.863799323840433,1.4169995780375098,2.1052306829384526,0.33647798742138363,0.7415384615384615,0.39847715736040606
290,290,290,290,N,S,S,3.0979070641077966,2.057715618745325,1.7340653327040854,0.24205128205128207,0.31806451612903225,0.16
291,291,291,291,D,S,N,0.952225696457979,1.2353333202366483,0.7479712330289412,0.32642487046632124,0.7554838709677419,0.6333333333333333
292,292,292,292,K,M,L,1.2741051326637378,0.912561539927075,0.6132712568273803,0.1754237288135593,0.2825892857142857,0.12587064676616916
293,293,293,293,P,P,P,1.3383660177815027,0.7172949743435383,1.0497789463057439,0.12138364779874214,0.0440251572327044,0.09748427672955975
294,294,294,294,F,F,F,1.4646478228056028,0.5310265101637945,1.3174010351394738,0.03208333333333333,0.0175,0.014583333333333334
295,295,295,295,Q,H,Q,1.525598346242701,0.500714672282353,1.4526361968094994,0.0,0.004464285714285714,0.017333333333333333
296,296,296,296,N,N,N,1.721383061394454,0.8689557175619539,1.3896233933453774,0.22153846153846155,0.20205128205128203,0.10102564102564102
297,297,297,297,V,I,I,1.4968507329789433,0.5863033764714354,1.7149162867068404,0.14195402298850573,0.11421319796954314,0.21725888324873094
298,298,298,298,N,H,D,1.4718962163648242,0.4252240793687295,1.5809579591853822,0.10564102564102565,0.18928571428571428,0.17202072538860105
299,299,299,299,R,P,S,1.5989630857712005,1.2781613593391719,1.6031273219019666,0.27664233576642333,0.45534591194968554,0.33548387096774196
300,300,300,300,I,L,R,0.9280436736931427,2.0096669839683154,1.7045906456384896,0.16446700507614212,0.4417910447761194,0.2113138686131387
301,301,301,301,T,T,A,1.3634764829934818,1.901214267256638,0.9518574367250695,0.11918604651162791,0.07674418604651162,0.12713178294573643
302,302,302,302,Y,I,V,1.661580904384871,2.625875321838292,1.256681738115716,0.009885931558935362,0.09137055837563451,0.04942528735632184
303,303,303,303,G,G,G,1.9186046319663115,2.3072951790998077,1.2081392736788659,0.0019230769230769232,0.24423076923076922,0.00673076923076923
304,304,304,304,A,E,K,2.3296224238797665,2.160267095098375,1.2297048039963212,0.09922480620155039,0.3991031390134529,0.2830508474576271
305,305,305,305,C,C,C,1.2805702193129438,1.6330053433824192,1.2577516546279457,0.04131736526946108,0.08083832335329341,0.11916167664670659
306,306,306,306,P,P,P,1.1422008644150383,1.2682009419841025,1.141023309158829,0.014465408805031445,0.16100628930817612,0.03270440251572327
307,307,307,307,R,K,R,1.7302448078420873,1.1603749037483904,1.4764040912959036,0.14233576642335766,0.11483050847457628,0.13722627737226278
308,308,308,308,Y,Y,Y,1.5466355330153045,0.9871905085580974,1.5606079706117213,0.21863117870722434,0.21863117870722434,0.22585551330798478
309,309,309,309,V,V,V,2.095211005983191,1.0516936564792692,1.95219421744728,0.0,0.0,0.0
310,310,310,310,K,K,K,2.8318080425259504,0.9700530162279158,2.706608173472428,0.4279661016949153,0.4122881355932203,0.3351694915254237
311,311,311,311,Q,S,Q,2.330553097975147,0.9185079662439761,1.9540196568121242,0.1368888888888889,0.01741935483870968,0.12533333333333332
312,312,312,312,S,N,R,2.6615640915726493,0.9007430106912151,2.0227831125378795,0.4787096774193549,0.7153846153846154,0.5478102189781021
313,313,313,313,T,K,S,2.2020342662298216,0.6405803394393368,1.6821657007180257,0.4046511627906976,0.3135593220338983,0.2858064516129032
314,314,314,314,L,L,L,1.667583467279921,0.7134271494809002,1.6944174006108026,0.022885572139303482,0.007960199004975126,0.06865671641791045
315,315,315,315,K,V,L,1.537527600795354,0.7408008420802175,1.4152021760550215,0.2783898305084746,0.1327586206896552,0.2900497512437811
316,316,316,316,L,L,L,2.041517265972483,0.7771175284114853,1.3368536538136153,0.006467661691542289,0.017412935323383085,0.007960199004975126
317,317,317,317,A,A,A,2.341138186696439,0.6936438928363636,1.7376781242431074,0.003875968992248062,0.01937984496124031,0.015503875968992248
318,318,318,318,T,T,T,2.4390066337512226,0.8932454276193839,1.5929796712661282,0.09360465116279071,0.09883720930232558,0.10290697674418604
319,319,319,319,G,G,G,2.16044688619375,0.9467066098169976,1.3390656053919032,0.0,0.0,0.022115384615384613
320,320,320,320,M,L,M,3.7425793081228376,1.1748248564474353,2.797465845035624,0.0,0.012935323383084578,0.0013392857142857143
321,321,321,321,R,R,K,4.3191931939891415,1.2419184451372067,3.40663705551123,0.33467153284671536,0.2675182481751825,0.24872881355932205
322,322,322,322,N,N,N,4.110364384994311,1.206974441340925,3.4334850059137962,0.04051282051282051,0.02512820512820513,0.04974358974358974
323,323,323,323,V,S,V,6.124603525184231,1.0845936969416654,5.935608769466949,0.12931034482758622,0.6090322580645162,0.12931034482758622
324,324,324,324,P,P,P,5.232639072623689,1.3266419222180315,4.986228012599614,0.4006289308176101,1.018238993710692,0.2628930817610063
325,325,,325,E,,E,,2.034772855691775,,0.5771300448430493,,0.5919282511210763
325a,,,326,,,I,,,,,,0.934010152284264
330,330,,330,G,,G,,0.32223945210919874,,0.25096153846153846,,0.24519230769230768
331,331,,331,I,,L,,0.2584991807089427,,0.10710659898477158,,0.08656716417910447
332,332,,332,F,,F,,0.3770137741082363,,0.08541666666666667,,0.09666666666666666
333,333,,333,G,,G,,0.3208281283742287,,0.07884615384615384,,0.04326923076923077
334,334,,334,A,,A,,0.10920263741514759,,0.0,,0.0
335,335,,335,I,,I,,0.26475608254702915,,0.03248730964467005,,0.02182741116751269
336,336,,336,A,,A,,0.33479296625354127,,0.33410852713178296,,0.38372093023255816
337,337,,337,G,,G,,0.25957987085471573,,0.3692307692307692,,0.28076923076923077
338,338,,338,F,,F,,0.3544235866011684,,0.15833333333333333,,0.15541666666666665
339,339,339,339,I,I,I,0.9852422382475131,0.3392434204417597,1.1951048114366603,0.03248730964467005,0.5522842639593909,0.03451776649746193
340,340,340,340,E,E,E,0.7327430933759044,0.5311067531835141,1.0104140474022378,0.6905829596412556,0.6869955156950672,0.62152466367713
341,341,341,341,N,G,N,0.9844624303839943,0.15210746563029354,0.9101964567323222,0.22102564102564104,0.19423076923076923,0.14205128205128204
342,342,342,342,G,G,G,0.5076169489664649,0.5924011552600809,0.6930094248174115,0.0,0.19615384615384615,0.025961538461538463
343,343,343,343,W,W,W,1.0027810091705585,0.45510371055300436,0.9502699588662783,0.08105263157894738,0.183859649122807,0.11894736842105262
344,344,344,344,E,Q,E,1.632925534387976,0.514076058782011,1.218901964972262,0.30134529147982064,0.5182222222222223,0.3443946188340807
345,345,345,345,G,G,G,1.6294401355033414,0.274232249069337,1.8130721366199154,0.44423076923076926,0.3019230769230769,0.5201923076923077
346,346,346,346,M,M,L,0.7985650986702892,0.13259862151777715,0.7524219643656972,0.011160714285714286,0.0026785714285714286,0.025870646766169157
347,347,347,347,V,V,I,0.8877518955411198,0.3679046646317871,1.0179838962516827,0.7482758620689655,0.6551724137931034,0.6868020304568528
348,348,348,348,D,D,D,1.1017418323755446,0.8136898642380898,0.6612363122179341,0.5673575129533679,0.5777202072538861,0.5678756476683937
349,349,349,349,G,G,G,0.5878772344446093,0.5713291652098553,0.5416500931728594,0.08269230769230769,0.09326923076923076,0.11826923076923078
350,350,350,350,W,W,W,0.6023649509564694,0.2608402473841229,0.610135400709829,0.14421052631578948,0.0968421052631579,0.11824561403508772
351,351,351,351,Y,Y,Y,0.8121858312946058,0.11617766587591692,0.7802307954385671,0.0,0.0,0.0
352,352,352,352,G,G,G,0.8596319363833395,0.30958249066067195,0.8754641978728177,0.0,0.0,0.0
353,353,353,353,F,Y,F,0.8098447573316869,0.21197869819782514,0.7808244652132457,0.0175,0.018250950570342206,0.0037500000000000003
354,354,354,354,R,H,R,0.6785274689932288,0.42759438594398874,0.7093460668139958,0.29708029197080293,0.19285714285714287,0.26277372262773724
355,355,355,355,H,H,H,0.8891989484000705,0.21264497898112808,0.6974546639993315,0.09107142857142857,0.07455357142857143,0.03705357142857143
356,356,356,356,Q,S,Q,1.027463888386607,0.5504816749916629,0.8421011578000165,0.5075555555555555,0.2812903225806452,0.35466666666666663
357,357,357,357,N,N,N,0.8733891890201195,0.5766985638342443,0.5276434013678595,0.06871794871794872,0.09076923076923077,0.04256410256410257
358,358,358,358,S,E,A,1.0983697544013258,0.6675591326225192,0.7689873015760663,0.5606451612903226,0.43542600896860983,0.7612403100775194
359,359,359,359,E,Q,Q,0.7798871533139439,0.5125252059836158,0.8530235124362491,0.5044843049327354,0.4297777777777778,0.5013333333333333
360,360,360,360,G,G,G,0.6442470655437197,0.5098335276174838,0.5565948264886519,0.31923076923076926,0.3269230769230769,0.2778846153846154
361,361,361,361,R,S,E,1.0101967642864769,0.5626922372425548,0.9335543829856683,0.7386861313868613,0.5529032258064517,0.5587443946188341
362,362,362,362,G,G,G,1.1926271382443807,0.37663551568555653,1.3274240298271514,0.22499999999999998,0.19326923076923078,0.18269230769230768
363,363,363,363,Q,Y,T,1.182676957217717,0.4125249409372595,1.0702394888741824,0.30533333333333335,0.38136882129277566,0.3232558139534884
364,364,364,364,A,A,A,0.710724765080714,0.6927948642470121,1.0061977252497523,0.17364341085271318,0.13798449612403102,0.27596899224806204
365,365,365,365,A,A,A,0.7481729957875721,0.26663727269112153,0.7698749872132808,0.13410852713178295,0.2441860465116279,0.21860465116279068
366,366,366,366,D,D,D,0.836812260815484,0.19823224218186092,0.7792600486385476,0.09015544041450776,0.13316062176165802,0.07512953367875648
367,367,367,367,L,K,Y,0.9124185800444656,0.2117513341804921,0.7667600833437852,0.7616915422885572,0.778813559322034,0.647148288973384
368,368,368,368,K,E,K,1.3561700992114978,0.4997913533018631,1.589454398127868,0.636864406779661,0.547085201793722,0.6139830508474576
369,369,369,369,S,S,S,1.3374950237735785,0.4396028572101373,1.0847405444690985,0.04387096774193548,0.12129032258064516,0.04774193548387097
370,370,370,370,T,T,T,0.8261479427718315,0.18268117754960275,0.828646849419255,0.05988372093023256,0.08604651162790698,0.046511627906976744
371,371,371,371,Q,Q,Q,1.2293264457864124,0.1785675512366489,1.1660334481291588,0.3595555555555556,0.3791111111111111,0.2866666666666667
372,372,372,372,A,K,S,1.720378234376938,0.45109653131892663,1.750042066931443,0.2395348837209302,0.4758474576271186,0.2870967741935484
373,373,373,373,A,A,A,1.3487556422057485,0.44045493780478034,1.177127308564463,0.0,0.0,0.0
374,374,374,374,I,I,I,1.1716031531180247,0.1514577418635203,1.1259288342956741,0.21015228426395938,0.28832487309644667,0.24771573604060912
375,375,375,375,D,D,D,1.4771397685830658,0.31400533177974826,1.3115570663028786,0.44455958549222796,0.40725388601036266,0.4761658031088083
376,376,376,376,Q,G,Q,1.207473436463613,0.32274498920106537,0.9282367731879941,0.16533333333333333,0.06346153846153846,0.14577777777777776
377,377,377,377,I,V,I,0.2788233738135227,0.1979000723439966,0.10933550835765882,0.03248730964467005,0.016666666666666666,0.045177664974619294
378,378,378,378,S,T,T,1.4318153593280991,0.2517048001434387,1.2103556431628735,0.358974358974359,0.31569767441860463,0.3075581395348837
379,379,379,379,G,N,G,2.068591124672433,0.3309401010950988,1.96495885644472,0.08173076923076923,0.31435897435897436,0.15961538461538463
380,380,380,380,K,K,K,0.3567922374322117,0.35414859222482065,0.21514171190936088,0.00423728813559322,0.021610169491525423,0.014830508474576272
381,381,381,381,L,V,L,1.7077062809657373,0.19732351309002216,1.61203522433406,0.16766169154228858,0.02586206896551724,0.18855721393034824
382,382,382,382,N,N,N,2.32615123035356,0.3818723050678504,2.2384184541768004,0.6082051282051282,0.3635897435897436,0.6025641025641025
383,383,383,383,R,S,R,0.3617861608634133,1.090164634959928,1.119902517613656,0.2492700729927007,0.1870967741935484,0.15693430656934307
384,384,384,384,L,I,L,2.2800667115777107,1.3918220867264353,1.5759876501645786,0.08756218905472637,0.04365482233502538,0.06567164179104477
385,385,385,385,I,I,I,3.010945569023464,1.4603557141602834,1.773316408532894,0.2730964467005076,0.24771573604060912,0.2467005076142132
386,386,386,386,G,D,E,4.580010176125687,3.516523109900504,1.3259955125561156,0.44903846153846155,0.4357512953367875,0.4798206278026906
387,387,387,387,K,K,K,4.926821647677212,2.425590673306523,5.544059838949019,0.4635593220338983,0.29152542372881357,0.28220338983050847
388,388,388,388,T,M,T,4.189294597464502,4.287926100247866,5.168602408185541,0.19127906976744186,0.01294642857142857,0.1313953488372093
389,389,389,389,N,N,N,2.918859520191621,3.993833303235163,5.328532377780431,0.3435897435897436,0.6364102564102564,0.6764102564102564
390,390,390,390,E,T,Q,5.451355149158947,4.163893854519467,4.604531290011515,0.4502242152466368,0.05290697674418605,0.22577777777777777
391,391,391,391,K,Q,Q,4.559852742143088,1.656488806173194,5.527768493425526,0.1402542372881356,0.24666666666666667,0.2617777777777778
392,392,392,392,F,F,F,5.085588439334918,3.505783354435122,5.32740914820643,0.16291666666666668,0.48041666666666666,0.17791666666666667
393,393,393,393,H,E,E,5.039572517410335,1.195818641411579,4.5757000227480855,0.17901785714285715,0.4959641255605381,0.35650224215246634
394,394,394,394,Q,A,L,5.688491526607959,3.42663582093839,5.60731617538803,0.112,0.2558139534883721,0.0890547263681592
395,395,395,395,I,V,I,5.2121577886020285,2.1969813979039228,5.878830962011495,0.06903553299492386,0.26091954022988506,0.03248730964467005
396,396,396,396,E,G,D,2.797505334013783,2.313263628647904,4.775827826491126,0.2,0.23461538461538461,0.06476683937823834
397,397,397,397,K,R,N,4.650522903194037,7.01387832813225,3.201605322012918,0.0978813559322034,0.16678832116788322,0.06102564102564103
398,398,398,398,E,E,E,6.526405048762841,5.076420323896265,5.61425262682095,0.5304932735426009,0.26681614349775784,0.29955156950672646
399,399,399,399,F,F,F,6.163373137022392,7.554504581291767,10.157557618187482,0.22958333333333333,0.07333333333333333,0.20875000000000002
400,400,400,400,S,N,N,7.9252285421653195,6.0527735685000295,8.261210787965913,0.5193548387096775,0.3092307692307692,0.3041025641025641
401,401,401,401,E,N,E,5.824933199177469,4.819322159488152,8.807821612856944,0.2829596412556054,0.4938461538461538,0.5757847533632288
402,402,402,402,V,L,V,7.410117239386308,8.174220620732406,9.270285177906324,0.3626436781609195,0.3796019900497512,0.08908045977011494
403,403,403,403,E,E,E,3.442760582217008,4.299700892074889,3.3542651077375534,0.3058295964125561,0.184304932735426,0.5062780269058296
404,404,404,404,G,R,K,1.0036029272003322,3.4964009308041453,2.585013098117315,0.04038461538461539,0.2956204379562044,0.25889830508474576
405,405,405,405,R,R,Q,0.3047327363770984,2.2610005907738184,2.256037522475395,0.12153284671532846,0.05401459854014599,0.184
406,406,406,406,V,I,I,0.3309716615092333,1.4530382306100302,1.366456338239847,0.19796954314720813,0.08629441624365482,0.10964467005076142
407,407,407,407,Q,E,G,0.12757797761898804,1.33293240919165,1.3348958589252031,0.06266666666666666,0.30269058295964124,0.11538461538461539
408,408,408,408,D,N,N,0.41803631338352376,1.3263592510570006,1.1359113030600978,0.16839378238341968,0.17025641025641028,0.18000000000000002
409,409,409,409,L,L,V,0.10675190762589175,0.6674242946819156,0.6177671725721681,0.0029850746268656717,0.00945273631840796,0.012643678160919542
410,410,410,410,E,N,I,0.24140772620912535,0.312197744153668,0.4170142455575943,0.025560538116591928,0.08205128205128205,0.0
411,411,411,411,K,K,N,0.2958854617844114,0.4219000472356482,0.5611277790437356,0.4529661016949153,0.4177966101694915,0.362051282051282
412,412,412,412,Y,K,W,0.26898618713785144,0.7476510751618234,0.8638363622095775,0.03346007604562738,0.1504237288135593,0.10631578947368421
413,413,413,413,V,M,T,0.5031227544550432,0.7114843529428233,0.9825200031710805,0.041379310344827586,0.01294642857142857,0.015116279069767442
414,414,414,414,E,E,R,0.6778584849372791,0.32256512563756196,0.828337467674042,0.020179372197309416,0.33587443946188345,0.07737226277372262
415,415,415,415,D,D,D,0.39541468155135034,0.263166238413979,0.3882327690437285,0.2212435233160622,0.23419689119170986,0.29637305699481864
416,416,416,416,T,G,S,0.318824636171161,0.6799317439405876,0.8999867299874568,0.0808139534883721,0.12403846153846154,0.02903225806451613
417,417,417,417,K,F,I,0.2778467129768047,0.6863417181836361,0.7998028959890144,0.08008474576271186,0.06833333333333333,0.09289340101522843
418,418,418,418,I,L,T,0.38458036495912373,0.46729206731249867,0.2834992220010883,0.013197969543147208,0.11393034825870646,0.09709302325581395
419,419,419,419,D,D,E,0.344269789512026,0.5608793868401994,0.3669566833923298,0.021243523316062173,0.11813471502590674,0.03587443946188341
420,420,420,420,L,V,V,0.06791372670931427,0.5088736956637403,0.564119347904183,0.01592039800995025,0.005747126436781609,0.005747126436781609
421,421,421,421,W,W,W,0.24822119864722061,0.5682152970164056,0.530131533624222,0.03614035087719299,0.04280701754385965,0.04175438596491228
422,422,422,422,S,T,S,0.20610817709226234,0.49745691851485296,0.36971651476290135,0.026451612903225803,0.04127906976744186,0.02709677419354839
423,423,423,423,Y,Y,Y,0.2758745445763883,0.5780852808750264,0.36587748546765,0.17490494296577946,0.05019011406844106,0.11368821292775665
424,424,424,424,N,N,N,0.3072237759612697,0.6367983987481906,0.4506615179361381,0.035897435897435895,0.06102564102564103,0.04256410256410257
425,425,425,425,A,A,A,0.2730863470722228,0.38166275835177704,0.5447887616928956,0.0,0.018604651162790697,0.0
426,426,426,426,E,E,E,0.3892793195310892,0.17412396595476454,0.3014430382303544,0.30493273542600896,0.17443946188340806,0.3591928251121076
427,427,427,427,L,L,L,0.3196322973052011,0.36929261775908756,0.2372888627917606,0.07860696517412935,0.06069651741293532,0.10646766169154229
428,428,428,428,L,L,L,0.3344874993380495,0.40165895146534164,0.19721302016694583,0.03333333333333333,0.06716417910447761,0.028855721393034824
429,429,429,429,V,V,V,0.2744192664185465,0.46440283440207514,0.5566468572433954,0.007471264367816092,0.06436781609195402,0.038505747126436785
430,430,430,430,A,L,A,0.23049203864152484,0.4521756291550082,0.5418033129966345,0.03255813953488372,0.06069651741293532,0.04496124031007752
431,431,431,431,L,M,M,0.4678098419186463,0.1651144353809645,0.5338034113917601,0.14228855721393036,0.0830357142857143,0.07276785714285715
432,432,432,432,E,E,E,0.5544179625290984,0.2225785896880756,0.6706512667338315,0.01748878923766816,0.009865470852017938,0.0013452914798206277
433,433,433,433,N,N,N,0.30622075218354977,0.24442592894748807,0.0834038351355807,0.0,0.0015384615384615385,0.0
434,434,434,434,Q,E,Q,0.39648526834903397,0.24398238420447413,0.4032702821553816,0.07822222222222223,0.12466367713004485,0.044000000000000004
435,435,435,435,H,R,H,0.2837081998555531,0.282613802632274,0.27749415442099906,0.1464285714285714,0.12883211678832115,0.13660714285714287
436,436,436,436,T,T,T,0.2688357438142418,0.27072660912290086,0.1797244684780204,0.0,0.007558139534883721,0.0034883720930232558
437,437,437,437,I,L,I,0.35152842368888043,0.20655222282378666,0.20923114318701305,0.06091370558375635,0.012935323383084578,0.08121827411167512
438,438,438,438,D,D,D,0.7691351439316937,0.35389417124530576,0.9375998423330808,0.07150259067357513,0.4129533678756477,0.0533678756476684
439,439,439,439,L,F,L,0.2677892875269449,0.354251573278945,0.3582081109543836,0.0029850746268656717,0.18125,0.0
440,440,440,440,T,H,A,0.5272260997174975,0.2403548832897389,0.3632991473401216,0.0034883720930232558,0.01875,0.007751937984496124
441,441,441,441,D,D,D,0.5131050837373123,0.23711150951289803,0.40393051168377486,0.0015544041450777201,0.4,0.0031088082901554403
442,442,442,442,S,S,S,0.38004865352445794,0.3574256471877251,0.375498680311002,0.008387096774193548,0.3529032258064516,0.0
443,443,443,443,E,N,E,0.27389731479169693,0.45152733727790517,0.2443491789264309,0.06008968609865471,0.10717948717948718,0.03587443946188341
444,444,444,444,M,V,M,0.3324039343780632,0.4196228232330709,0.3614860601141679,0.0,0.12183908045977011,0.0
445,445,445,445,N,K,D,0.43156343178199946,0.3366535750404543,0.44996506693225635,0.15282051282051282,0.4449152542372881,0.18808290155440413
446,446,446,446,K,N,K,0.5583581360040287,0.19076665359691797,0.7230033768582348,0.21864406779661016,0.42512820512820515,0.22203389830508474
447,447,447,447,L,L,L,0.4505961870361262,0.18987700227646095,0.6237987990085245,0.02437810945273632,0.007960199004975126,0.03233830845771144
448,448,448,448,F,Y,Y,0.35512982549317484,0.1650800991034549,0.20245607832996018,0.0,0.05855513307984791,0.0011406844106463879
449,449,449,449,E,D,E,0.7372592088237397,0.08223930898483178,0.656129102957265,0.19417040358744395,0.2854922279792746,0.1336322869955157
450,450,450,450,K,K,R,0.8132314553887283,0.2533156287827569,0.6902789205820745,0.4059322033898305,0.451271186440678,0.21021897810218979
451,451,451,451,T,V,V,0.6053949826317312,0.22602466228080767,0.43383479060913394,0.009302325581395349,0.0034482758620689655,0.0
452,452,452,452,K,R,K,0.4734762591661285,0.33235789171359437,0.2586762860788866,0.32161016949152543,0.16277372262773723,0.19279661016949154
453,453,453,453,K,L,R,0.4444030638160959,0.467944045966414,0.3587994450642748,0.08135593220338982,0.17761194029850746,0.0854014598540146
454,454,454,454,Q,Q,Q,0.9856636599954219,0.37079234958803464,1.0744061115238304,0.16799999999999998,0.13066666666666665,0.07022222222222223
455,455,455,455,L,L,L,1.0601329310749914,0.19612635677362159,0.9919723592286932,0.004975124378109453,0.00945273631840796,0.00945273631840796
456,456,456,456,R,R,R,2.2448837894970093,0.3476574270186891,2.115057362542099,0.12299270072992702,0.3248175182481752,0.17262773722627736
457,457,457,457,E,D,E,1.8699203090691925,0.3487820676410227,1.7717396483223764,0.13094170403587443,0.283419689119171,0.3605381165919283
458,458,458,458,N,N,N,0.5085845522296233,0.17872533080926958,0.5735615663671364,0.0,0.0,0.0
459,459,459,459,A,A,A,0.6993795271868941,0.20771035318580178,0.6761368222430438,0.09147286821705426,0.04961240310077519,0.10852713178294573
460,460,460,460,E,K,E,1.4752523743921817,0.23473332808276787,1.3393082677854247,0.016143497757847534,0.23432203389830508,0.08116591928251121
461,461,461,461,D,E,E,0.6390246757481385,0.23627050264274507,0.4259931037494417,0.07150259067357513,0.11928251121076233,0.08923766816143497
462,462,462,462,M,L,D,0.2672598226478052,0.6888261384915739,0.7130643209836406,0.39151785714285714,0.2771144278606965,0.23626943005181347
463,463,463,463,G,G,G,0.4686441878514907,0.7649579603135237,1.0064171805253872,0.24134615384615385,0.3298076923076923,0.15
464,464,464,464,N,N,T,0.4805930020156144,0.6868114886435773,0.9076259470658699,0.3261538461538462,0.24410256410256412,0.4354651162790698
465,465,465,465,G,G,G,0.23591867638270445,0.31268582517660143,0.33981986996038704,0.0,0.032692307692307694,0.0
466,466,466,466,C,C,C,0.3810803090351266,0.1911772188140051,0.39125722010202474,0.07664670658682635,0.04790419161676647,0.06706586826347305
467,467,467,467,F,F,F,0.17219181619857657,0.4464899535458868,0.4463148774700093,0.013333333333333334,0.004166666666666667,0.014583333333333334
468,468,468,468,K,E,E,0.7168467767341166,0.27463611507939933,0.746834882399207,0.3360169491525424,0.2645739910313901,0.2865470852017937
469,469,469,469,I,F,I,0.45165315754597507,0.23952812258268752,0.43946492004679744,0.006091370558375634,0.008333333333333333,0.005076142131979695
470,470,470,470,Y,Y,F,0.6613029441389866,0.4592257880660763,0.9672729935848412,0.06996197718631178,0.1456273764258555,0.19458333333333336
471,471,471,471,H,H,H,0.7655278644919982,0.3249442519355302,1.0737436060476013,0.0026785714285714286,0.011607142857142858,0.026339285714285714
472,472,472,472,K,K,K,1.187733218578317,0.1873203656499116,1.0465948895021668,0.4783898305084746,0.5601694915254237,0.7063559322033898
473,473,473,473,C,C,C,0.7422370087114438,0.3236280815369799,0.46754244036406395,0.010778443113772455,0.0,0.04311377245508982
474,474,474,474,D,D,D,0.5613925633697937,0.31010490674075425,0.7881813633807733,0.29533678756476683,0.3170984455958549,0.32642487046632124
475,475,475,475,N,N,D,0.6099259913517237,0.7789999183990673,1.2435852193425192,0.38769230769230767,0.3676923076923077,0.29948186528497406
476,476,476,476,A,E,D,0.7615249985193367,0.8258764252177635,1.4294850251118913,0.5992248062015504,0.730493273542601,0.6326424870466321
477,477,477,477,C,C,C,0.7011387608399193,0.3736391816202681,0.9910255597186054,0.019161676646706587,0.011976047904191617,0.019760479041916166
478,478,478,478,I,M,M,0.5133812535812698,0.35667531863963176,0.5603811391046672,0.0015228426395939086,0.0,0.0
479,479,479,479,G,E,A,0.6713628222117695,0.2843686296241156,0.6951403556852436,0.1673076923076923,0.4286995515695067,0.21627906976744185
480,480,480,480,S,S,S,0.6351154390120133,0.2020052387986852,0.7359495433653297,0.13225806451612904,0.1038709677419355,0.12645161290322582
481,481,481,481,I,V,I,0.6702139462164047,0.42548323908124325,0.990557276310226,0.006091370558375634,0.008620689655172414,0.0
482,482,482,482,R,R,R,0.8805893399619475,0.41445088098499805,1.090863982395504,0.30510948905109486,0.1478102189781022,0.18248175182481752
483,483,483,483,N,N,N,1.3649405557939533,0.41412690256120505,1.3846909484717722,0.6225641025641026,0.41025641025641024,0.581025641025641
484,484,484,484,E,G,N,1.0223271724034648,0.16314893583492174,0.9453830853053159,0.5009615384615385,0.32019230769230766,0.46871794871794875
485,485,485,485,T,T,T,0.4980841182880504,0.299031976643272,0.6817138617871036,0.5290697674418605,0.5598837209302325,0.5517441860465117
486,486,486,486,Y,Y,Y,0.5386909185059638,0.2225667727680636,0.6127290179100584,0.06577946768060837,0.07186311787072243,0.06197718631178707
487,487,487,487,D,D,D,0.46413244198013426,0.3058609052092896,0.6279102393449664,0.4378238341968912,0.4217616580310881,0.4238341968911917
488,488,488,488,H,Y,H,0.4295269781090347,0.3391211643862432,0.46352440796635996,0.0986607142857143,0.10418250950570342,0.13035714285714287
489,489,489,489,N,P,S,0.7224447487518273,0.2222860704294782,0.8430458923561529,0.522279792746114,0.4471698113207547,0.3916129032258065
490,490,490,490,V,Q,K,0.776290868569453,0.4414253206174037,0.7443146932062441,0.5626436781609195,0.568,0.6516949152542373
491,491,491,491,Y,Y,Y,0.5754613680933253,0.13502320401587098,0.5975390590641964,0.19391634980988592,0.11330798479087453,0.24638783269961975
492,492,492,492,R,S,R,0.6831569312248745,0.2740757225989268,0.906507731073195,0.07153284671532847,0.07935483870967742,0.10875912408759124
493,493,493,493,D,E,E,0.6998516577362508,0.6988812913335594,1.3820472398532018,0.4139896373056995,0.4959641255605381,0.6152466367713004
494,494,494,494,E,E,E,0.29586047246233615,0.394050847570597,0.5115368713060884,0.3757847533632287,0.3780269058295964,0.4475336322869955
495,495,495,495,A,A,A,0.43932673544521045,0.13083343791091775,0.43005516566152363,0.0,0.0,0.003875968992248062
496,496,496,496,L,R,M,1.0775555252673026,0.7168874153372169,1.636132962961215,0.0736318407960199,0.28357664233576646,0.22321428571428573
497,497,497,497,N,L,Q,1.0850007211878014,1.0555850432148683,1.8616477034821124,0.5548717948717948,0.5766169154228856,0.7013333333333334
498,498,498,498,N,K,N,1.2831263149482959,0.7146556028507334,1.5210845536845232,0.21435897435897436,0.32245762711864406,0.4856410256410257
499,499,499,499,R,R,R,1.6937810931575694,1.42452568021731,1.4816981462857572,0.03102189781021898,0.22335766423357664,0.6193430656934306
500,500,500,,F,E,,3.0962749452429414,,,0.20208333333333334,0.5304932735426009,
501,501,501,,Q,E,,2.606285218131283,,,0.496,0.7408071748878923,
502,502,502,,I,I,,3.1607706038546133,,,0.8862944162436548,0.5360406091370558,
