struct_site,4o5n_aa,JS_h3_vs_h5
9,P,0.08049464434805172
10,G,0.26144955826413646
11,A,0.34388595796566956
12,T,0.07927567699693905
13,L,0.00986284739864784
14,C,0.014741201616803826
15,L,0.06319343350426905
16,G,0.01822070959177657
17,H,0.3568290281705647
18,H,0.1351878214432077
19,A,0.16216050548716443
20,V,0.4428640936595145
21,P,0.17702822283327582
22,N,0.09575530325841901
23,G,0.40552066931298547
24,T,
25,I,
26,V,0.10093904384247694
27,K,0.36564688932641654
28,T,
29,I,0.05558517270058615
30,T,0.2546119057867321
31,N,0.08593848180224323
32,D,0.09786738814648414
33,Q,0.11775433883590622
34,I,0.2657992951839246
35,E,0.05122230461811126
36,V,0.16962216624814652
37,T,0.25729064655860534
38,N,0.036541640844121544
39,A,0.21402745805843426
40,T,0.09345472541227562
41,E,0.29403363660561876
42,L,0.30973931227797025
43,V,0.5392644688638382
44,Q,0.09510525696469123
45,N,0.058719154772880325
46,S,0.03890986693958387
47,S,0.1325822822842244
48,I,0.0908858164163635
49,G,0.05753101962981968
50,E,0.039971018103657247
51,I,0.04947357292008299
52,C,0.008109140501610507
52a,-,
53,D,0.27295484894745065
54,S,0.027475691357050518
55,P,0.11917626344155421
56,H,0.03923738193403781
57,Q,0.06687129591114443
58,I,0.4898530125310244
59,L,0.13939286793679
60,D,0.2385485225846794
61,G,0.4917621558706935
62,E,0.04155340462325244
63,N,0.06328550931491592
64,C,0.01998258021296459
65,T,0.23542888866414868
66,L,0.18774257892097684
67,I,0.420770665281991
68,D,0.4224345058898914
69,A,0.21866894596112235
70,L,0.0642018683752227
71,L,0.16030665913881828
72,G,0.36017439049660893
73,D,0.2647012227082439
74,P,0.28947221866954276
75,Q,0.019033986294906477
76,C,0.008240673677359658
77,D,0.07842142486206749
78,G,0.04571929611949432
79,F,0.30532482225616175
80,Q,0.04564779862258392
81,N,0.02182256244831731
82,K,0.0974567445087238
82a,-,
83,K,0.09447289864196409
84,W,0.2326148633663849
85,D,0.2863776574417549
86,L,0.647978916083551
87,F,0.5440877818020936
88,V,0.25442887377554774
89,E,0.35398821166186445
90,R,0.23073481949117763
90a,-,
91,S,0.043930966959724135
92,K,0.1329362937935259
93,A,0.026500677926340692
94,Y,0.06349033679391469
95,S,0.08129754576447734
96,N,0.08703934490416756
97,C,0.006705899264806578
98,Y,0.007617656329696044
99,P,0.14989363262904798
100,Y,0.4465693368417377
101,D,0.042884953514538984
102,V,0.09734667978593245
103,P,0.013090463399727838
104,D,0.05765071746876119
105,Y,0.05874488983057555
106,A,0.1520181924965715
107,S,0.39636860141948593
108,L,0.081671236065711
109,R,0.2657134684342176
110,S,0.15777416089735652
111,L,0.21547707580036832
112,V,0.09188541392776639
113,A,0.15935521428320826
114,S,0.28932317396128454
115,S,0.3059759083703161
116,G,0.5333390830553542
117,T,0.0761776230081246
118,L,0.39356896276588904
119,E,0.0953627905163559
120,F,0.5434422145791944
121,N,0.01633171239675981
122,N,0.00866822428907774
123,E,0.5640401878774324
124,S,0.008792546807315829
125,F,0.5542756550065079
125a,-,
125b,-,
126,N,0.023716942384304485
127,W,0.277911510741277
128,T,0.00977847748951859
129,G,0.015466825849829925
130,V,0.2986533107485947
131,T,0.1687315907135015
131a,-,
132,Q,0.06270926352836093
133,N,0.11354214457264633
134,G,0.25635148397223434
135,T,0.020260004582026966
136,S,0.057688463283951316
137,S,0.06446727646178814
138,A,0.15151279939996043
139,C,0.043257042242851644
140,I,0.05454471923757173
141,R,0.07586289729265855
142,R,0.018191477565205776
143,S,0.025990115582225075
144,N,0.04251330700338224
145,N,0.13993510871231712
146,S,0.15022296250388578
147,F,0.1952585042813521
148,F,0.19137522414091512
149,S,0.049500168863835764
150,R,0.1867526762383867
151,L,0.2870868015188028
152,N,0.27938247122783544
153,W,0.032257150432207046
154,L,0.0728557880750493
155,T,0.3301730646968463
156,H,0.09134227385399966
157,L,0.04499454239208045
158,N,0.039432604618394554
158a,-,
158b,-,
159,F,0.08105900012604378
160,K,0.07239015014636568
161,Y,0.2953254463217434
162,P,0.12367823211898055
163,A,0.051958919054862385
164,L,0.22638070695098997
165,N,0.05236830973723325
166,V,0.02939909670886534
167,T,0.07104838469006927
168,M,0.1915636678888142
169,P,0.04223047878493282
170,N,
171,N,0.03195933789216814
172,E,0.07451212234275689
173,Q,0.032380734784441284
174,F,0.07939979312639048
175,D,0.04817429612157037
176,K,0.5563301432792387
177,L,0.1395848613227905
178,Y,0.5920775678417942
179,I,0.22549409031592482
180,W,0.052892223492689565
181,G,0.046585608987696106
182,V,0.0845417209936708
183,H,0.20997032198167231
184,H,0.27908882024712833
185,P,0.20040070141559094
186,G,0.3448949288301548
187,T,0.07335079010563786
188,D,0.06493286016591063
189,K,0.084453867244419
190,D,0.4130638235576667
191,Q,0.314260806577507
192,I,0.12969516302907852
193,F,0.2462081291186518
194,L,0.20641351733089258
195,Y,0.5422930037018614
196,A,0.05940118553208876
197,Q,0.07768877416378184
198,S,0.01564286749181096
199,S,0.014425793529267057
200,G,0.15622205116883703
201,R,0.04832882260040383
202,I,0.13326429499192188
203,T,0.22901864597286853
204,V,0.2089298118155622
205,S,0.19682971452020248
206,T,0.3437760920829987
207,K,0.06445687167440017
208,R,0.018463114291678965
209,S,0.1682607806882716
210,Q,0.3682368353630888
211,Q,0.04082091885640752
212,A,0.09305010441488365
213,V,0.0716199908047984
214,I,0.03174743568545915
215,P,0.3532493073578333
216,N,0.058209320535506336
217,I,0.061823005601316566
218,G,0.09397464269364736
219,S,0.04074014350865496
220,R,0.40957998458052647
221,P,0.13817858486886223
222,R,0.09591782700419664
223,I,0.07409114303230951
224,R,0.16778434707374743
225,N,0.14503901732555818
226,I,0.5058336174404108
227,P,0.11171075967029764
228,S,0.3451314376918554
229,R,0.34203773443177776
230,I,0.1922471027086881
231,S,0.05506125500401313
232,I,0.14027602616680612
233,Y,0.08853491371406644
234,W,0.20307494414799251
235,T,
236,I,
237,V,
238,K,
239,P,0.056177344263875655
240,G,0.0859925514061469
241,D,0.01722105055975516
242,I,0.055263695022002804
243,L,0.11934759849199844
244,L,0.04383499288628413
245,I,0.1745513736479229
246,N,0.37590408840262535
247,S,0.14009797014474132
248,T,0.34298361124054455
249,G,0.049408375154743375
250,N,0.0996020427294885
251,L,0.044553191200332104
252,I,0.025280075098915302
253,A,0.25267146595342554
254,P,0.08823352445670252
255,R,0.08533413192664958
256,G,0.0463713698592406
257,Y,0.3788051564935732
258,F,0.25140527298494203
259,K,0.04709671888090487
260,I,0.1603129276564799
261,R,0.05741150523211813
262,S,0.21257197204520534
263,G,0.06153668638642517
264,K,0.2000716383828074
264a,-,
265,S,0.2548817108373276
266,S,0.23935881016010294
267,I,0.19493507811386554
268,M,0.10283806853985325
269,R,0.025639937262657564
270,S,0.061066919855940115
271,D,0.09504871983083245
272,A,0.038134814682644784
273,P,0.020608105539348942
274,I,0.1997957661245513
275,G,0.032723533656221146
276,K,0.013647987791575417
277,C,0.050301932463380786
278,N,0.017452684188794365
279,S,
280,E,0.09963410457887859
280a,-,
281,C,0.0420776344098368
282,I,0.2835920248597029
283,T,0.11819111123534037
284,P,0.14849728059843537
285,N,0.04767695170706569
286,G,0.013492194042855104
287,S,0.10880028834087721
288,I,0.02631833791572765
289,P,0.028370434455014287
290,N,0.05772042352613682
291,D,0.02085405068056382
292,K,0.09294758771255149
293,P,0.20858554050133132
294,F,0.20220469657482676
295,Q,0.08882800508546614
296,N,0.10145948360455781
297,V,0.1149206934089603
298,N,0.09658831595516632
299,R,0.15832623061283696
300,I,0.084402464900737
301,T,0.09775775983236629
302,Y,0.2588399524780289
303,G,0.03858070526314162
304,A,0.07762684163378183
305,C,0.008541389015309254
306,P,0.0735864483093861
307,R,0.3087376853890627
308,Y,0.0181874341383614
309,V,0.10821624997013013
310,K,0.2056163379939825
311,Q,0.17205906769852314
312,S,0.014551064488094357
313,T,0.11669824714031345
314,L,0.19537714657261412
315,K,0.069440114815082
316,L,0.0735141453759309
317,A,0.22912440735540715
318,T,0.10391748162598632
319,G,0.007822887678555976
320,M,0.1874745544286605
321,R,0.20376283446185756
322,N,0.29785942085697503
323,V,0.18323480058999791
324,P,0.08241643201866859
325,E,
330,G,
331,I,
332,F,
333,G,
334,A,
335,I,
336,A,
337,G,
338,F,
339,I,0.013335273525156885
340,E,0.006164047009802555
341,N,0.1437989821077289
342,G,0.009958166820602066
343,W,0.005134795842207399
344,E,0.10418595089128342
345,G,0.1380721742671197
346,M,0.12736510491995057
347,V,0.08837338028396864
348,D,0.03946005054171656
349,G,0.008830594574851015
350,W,0.09874715263148157
351,Y,0.09073243554108493
352,G,0.24400814605018561
353,F,0.030001063498025053
354,R,0.1970218329552769
355,H,0.1490746310669625
356,Q,0.05300804062451463
357,N,0.15092936899173354
358,S,0.04481910550585788
359,E,0.10744845286981004
360,G,0.09240467734509311
361,R,0.04444245493490474
362,G,0.22676706083072384
363,Q,0.25175029840464047
364,A,0.15559096118411728
365,A,0.016782440885120736
366,D,0.21179206543938855
367,L,0.04486949079560129
368,K,
369,S,0.16812028427791895
370,T,0.006053109947054085
371,Q,0.05777404881129007
372,A,0.02974265682047607
373,A,0.3685566752298022
374,I,0.0705082318759416
375,D,0.028121974385759554
376,Q,0.2286210944745264
377,I,0.20475232295288973
378,N,0.10987284418702886
379,G,0.20109824823232134
380,K,0.16664694716344206
381,L,0.30076368682217214
382,N,0.13130594752552366
383,R,0.20228558689062104
384,L,0.07346706761762355
385,I,0.16486061141035757
386,G,0.09325864445711965
387,K,0.15837625545707218
388,T,0.35288484239414164
389,N,0.16810521316751958
390,E,0.21930549580037562
391,K,0.3106014245879011
392,F,0.3233062292047687
393,H,0.17767935954225833
394,Q,
395,I,0.10061156242260388
396,E,0.3613917606066822
397,K,0.12193530684544651
398,E,0.19984510756092733
399,F,
400,S,0.3094935101528926
401,E,0.040278889061222206
402,V,0.12171852507134026
403,E,0.40299334893505695
404,G,0.14698563464067738
405,R,0.4255246964610895
406,I,0.06683236011651289
407,Q,0.15292877044269984
408,D,0.10454915408908891
409,L,0.056872580816741194
410,E,0.25953809253634463
411,K,0.10418488337866293
412,Y,0.41205983073491226
413,V,0.05503431251471601
414,E,0.16378616894978898
415,D,0.10484982570761385
416,T,0.29857758809971724
417,K,0.4226729334517029
418,I,0.14250439332294734
419,D,0.11855924945882781
420,L,0.1687329890735235
421,W,0.03367936980947467
422,S,0.30178125134392775
423,Y,0.17730939798061007
424,N,0.18435469115978576
425,A,0.15464367102100543
426,E,0.2611668002303719
427,L,0.24716326721299336
428,L,0.13108611181557356
429,V,0.02693096811446553
430,A,0.46742753092286055
431,L,0.14705348264067958
432,E,0.2173626278144583
433,N,
434,Q,0.20079256777315552
435,H,0.17235982100727498
436,T,0.014202138846648428
437,I,0.27740476306744255
438,D,0.24095418674168856
439,L,0.2584509797724721
440,T,0.6136855265975683
441,D,0.2419784578780561
442,S,0.06361094739532888
443,E,0.252344947762335
444,M,0.3527039368889181
445,N,0.22902554411273407
446,K,0.09383036937022043
447,L,0.14639561567345494
448,F,0.17418057002121218
449,E,0.06873035937989594
450,K,0.05482619490215786
451,T,0.11181317574199978
452,K,0.07285041549444986
453,K,0.060343866867348606
454,Q,0.03873551749647621
455,L,0.24083071633232656
456,R,0.13597934645227705
457,E,0.12411435582170596
458,N,0.2495113573739042
459,A,0.15557055212121002
460,E,0.38299998133264657
461,D,0.1794974400097561
462,M,0.09049127162265011
463,G,0.11907788037641936
464,N,0.12077804269369172
465,G,0.033269117225700265
466,C,0.007348111519075696
467,F,0.10378522391515776
468,K,0.08878111240609393
469,I,0.28813979557824176
470,Y,0.18560032307716226
471,H,0.007847683570533878
472,K,0.028601831090597163
473,C,0.011164091833175661
474,D,0.1584424814796519
475,N,0.053226679796052584
476,A,0.025661589155523433
477,C,0.007150624686211328
478,I,0.0344398350192353
479,G,0.02592658259133168
480,S,0.02909118312849285
481,I,0.14060708489374218
482,R,0.12285012749952667
483,N,0.07888090145542939
484,G,0.028489390643911688
485,T,0.055969226974277114
486,Y,0.008685420179704053
487,D,0.11185581938292205
488,H,0.2360242059117953
489,D,0.035708128350354335
490,V,0.052181407868299286
491,Y,0.10540840904501629
492,R,0.354853124792065
493,D,0.01403492856283985
494,E,0.14676143113059528
495,A,0.2796177148828442
496,L,0.2808748706053006
497,N,0.022036847176248146
498,N,0.025098786063617626
499,R,0.3613498034190197
500,F,0.3715328738975882
501,Q,0.03466746686663442
502,I,0.026027626414670522
