struct_site,4o5n_aa,4r8w_aa,4kwm_aa,4o5n_aa_RSA,4o5n_aa_SS,4kwm_aa_RSA,4kwm_aa_SS,4r8w_aa_RSA,4r8w_aa_SS,rmsd_h3h5,rmsd_h3h7,rmsd_h5h7,h3_site,h3_wt_aa,h5_site,h5_wt_aa,h7_site,h7_wt_aa,avg_h3_effect,avg_h5_effect,avg_h7_effect
9,P,-,P,1.0817610062893082,-,1.1383647798742138,-,,,9.178066359556782,,,9,S,9,K,,,-0.05077631578947367,-1.193878947368421,
10,G,-,G,0.1538461538461538,-,0.173076923076923,-,,,8.18315129360194,,,10,T,10,S,,,-0.6979105263157895,-3.704238888888889,
11,A,D,D,0.0542635658914728,E,0.0984455958549222,-,0.2590673575129533,-,5.048049512301931,1.735251719099353,4.172437355266688,11,A,11,D,11,D,-3.13828,-4.348766666666666,-2.9834878571428574
12,T,K,Q,0.2674418604651162,E,0.2177777777777777,E,0.2796610169491525,E,3.939080171518557,1.4894122753846095,4.694308285553324,12,T,12,Q,12,K,-1.0362189473684211,-0.52344875,-1.9861166666666668
13,L,I,I,0.0,E,0.0,E,0.0050761421319796,E,3.72542542648533,1.0195527367042374,3.759209764052604,13,L,13,I,13,I,-3.94105,-4.4195529411764705,-4.040841176470588
14,C,C,C,0.1437125748502994,E,0.0419161676646706,E,0.1077844311377245,E,3.3326073969631187,1.0065600220347948,3.4977107384686086,14,C,14,C,14,C,-4.764055555555555,-5.669941176470588,-4.761214285714286
15,L,L,I,0.0149253731343283,E,0.015228426395939,E,0.0199004975124378,E,3.731232385169671,0.9584786401143748,3.53999854432772,15,L,15,I,15,L,-3.45361,-4.479805555555555,-3.0769205882352937
16,G,G,G,0.0,E,0.0,E,0.0,E,3.039146188777316,0.6449453305836218,2.8932561296739627,16,G,16,G,16,G,-4.600263157894737,-5.5574,-3.8381642857142855
17,H,H,Y,0.0,E,0.1482889733840304,E,0.0,E,2.2878230684289944,0.5979876889796394,2.103725805489532,17,H,17,Y,17,H,-4.284194736842105,-3.5530933333333334,-4.2964
18,H,H,H,0.09375,B,0.1205357142857142,B,0.0803571428571428,B,0.714878955909693,0.6602800970238091,0.9576632034656564,18,H,18,H,18,H,-2.319495789473684,-1.1977323529411765,-2.572525
19,A,A,A,0.0310077519379844,-,0.0465116279069767,-,0.0465116279069767,-,2.4164810557136263,0.8745404370019058,2.1374391028952733,19,A,19,A,19,A,-2.6235926315789477,-2.2848505882352943,-2.3331642857142856
20,V,V,N,0.1666666666666666,-,0.1384615384615384,-,0.293103448275862,-,2.999755634657693,1.1726948974000184,3.055562507551364,20,V,20,N,20,V,-2.2152078947368423,-5.0116875,-0.83774
21,P,S,N,0.6855345911949685,S,0.7282051282051282,S,0.5419354838709678,S,3.835850925438869,1.7791967804552018,5.247126733590869,21,P,21,N,21,S,-0.22119944444444442,-3.0984866666666666,-0.2536375
22,N,N,S,0.6153846153846154,S,0.1419354838709677,-,0.7589743589743589,S,3.165178953883153,1.8828747586566243,4.622949881166035,22,N,22,S,22,N,-1.0488815789473684,-1.97025625,-1.0866936363636364
23,G,G,T,0.25,-,0.6627906976744186,-,0.2403846153846154,-,4.915254491112905,0.7872885434305456,5.106695806597761,23,G,23,T,23,G,-4.234166666666667,-3.09047,-3.262658333333333
24,T,T,E,0.2034883720930232,E,0.4484304932735426,-,0.2441860465116279,E,3.86397956136657,0.7254462745677228,3.845863708390884,24,T,24,E,24,T,-1.4678777777777778,-0.042046875,-1.497953846153846
25,I,K,Q,0.3705583756345177,E,0.3466666666666667,E,0.5847457627118644,E,3.988801570393555,0.7703318836714276,3.8652994790396185,25,I,25,Q,25,K,-0.5716699999999999,-0.7732013333333333,-0.4562670000000001
26,V,V,V,0.0172413793103448,E,0.0,E,0.0172413793103448,E,3.477922522378602,0.6156998435204114,3.2024372031906654,26,V,26,V,26,V,-3.4527266666666665,-4.904630769230769,-4.448121428571429
27,K,N,D,0.4025423728813559,-,0.1191709844559585,-,0.2717948717948718,-,4.375171779881045,0.6467494526638977,4.018855499288447,27,K,27,D,27,N,-0.6491916666666667,-4.42426875,-1.32485
28,T,T,T,0.0755813953488372,-,0.0523255813953488,-,0.063953488372093,-,5.230789339422334,0.6401769990112679,4.885768442330141,28,T,28,T,28,T,-2.320577777777778,-4.9071428571428575,-3.38606
29,I,L,I,0.4416243654822335,S,0.4314720812182741,S,0.4577114427860697,S,6.954516718099065,0.3138575608535982,6.657149177377025,29,I,29,I,29,L,-2.720466666666667,-3.7402533333333334,-3.7219333333333338
30,T,T,M,0.6162790697674418,S,0.6785714285714286,S,0.6104651162790697,S,7.172863100996971,0.2581188317343766,7.172656853809433,30,T,30,M,30,T,-1.325965,-2.8997788235294117,-2.851293333333333
31,N,E,E,0.3282051282051282,-,0.3856502242152466,-,0.5201793721973094,-,6.274457786917203,0.7217658346322142,6.2498238632742416,31,N,31,E,31,E,-0.69942,-0.8388323529411764,-0.6824233333333333
32,D,R,K,0.5440414507772021,S,0.5338983050847458,S,0.7116788321167883,S,6.623243909808472,1.8192463826132288,5.689444918874319,32,D,32,K,32,R,-0.2950115789473684,-0.834075625,0.08150928571428571
33,Q,G,N,0.5733333333333334,-,0.4,S,0.2211538461538461,S,6.430383076791055,1.2714620412220976,5.294426634555332,33,R,33,N,33,G,-0.46382,-1.9209923076923077,-0.7758590909090909
34,I,V,V,0.0913705583756345,E,0.0804597701149425,E,0.0689655172413793,E,5.354426966778599,0.6394432758588104,5.078224178403262,34,I,34,V,34,V,-2.2631173684210526,-4.869825,-2.45883
35,E,E,T,0.2914798206278027,E,0.2790697674418604,E,0.2062780269058296,E,4.864050182112335,0.7975683242428883,4.628050626402763,35,E,35,T,35,E,-1.5081842105263157,-0.20385533333333333,-0.4725363636363637
36,V,V,V,0.0,E,0.0,B,0.0,E,3.6419342479415775,0.6468146996592367,3.53739273899564,36,V,36,V,36,V,-4.679157894736842,-4.63639375,-4.323735714285714
37,T,V,T,0.0755813953488372,S,0.0174418604651162,S,0.1206896551724138,S,2.2451887750769983,0.831852130396976,2.1316763029678465,37,T,37,T,37,V,-3.717178947368421,-5.2978,-3.356523076923077
38,N,N,H,0.4615384615384615,-,0.3705357142857143,S,0.4153846153846154,-,2.1727911723270044,0.8740915147087045,1.9467736039109764,38,N,38,H,38,N,-1.4960263157894735,-0.912115625,-0.5288446250000001
39,A,A,A,0.0852713178294573,E,0.1705426356589147,E,0.1240310077519379,E,1.898551481350484,0.8885975928039991,1.5105263982026,39,A,39,A,39,A,-3.8527105263157893,-1.48421125,-3.3990923076923076
40,T,T,Q,0.2965116279069767,E,0.3777777777777777,E,0.2965116279069767,E,1.7700706734276896,0.8580248801444746,1.5990682247553047,40,T,40,Q,40,T,-1.5291926315789472,-1.0755684615384615,-1.5820999999999998
41,E,E,D,0.210762331838565,E,0.2694300518134715,E,0.1704035874439461,E,1.9012231740046732,0.6276729034017376,1.527582296579716,41,E,41,D,41,E,-4.396,-0.4785133333333333,-4.069238235294117
42,L,T,I,0.0,-,0.0101522842639593,-,0.0174418604651162,-,1.819989895411544,0.7405118113010667,1.5124189078334986,42,L,42,I,42,T,-3.5566736842105264,-5.134223529411765,-3.51105
43,V,V,L,0.0057471264367816,E,0.0049751243781094,E,0.0057471264367816,E,1.899611978650025,0.6990592482605276,1.592904306726432,43,V,43,L,43,V,-4.168503157894737,-5.388755555555556,-4.413258823529412
44,Q,E,E,0.0444444444444444,E,0.0986547085201793,E,0.1345291479820627,E,1.819228863867551,0.7241668030851366,1.7803804177889395,44,Q,44,E,44,E,-0.20187000000000002,-1.6765321052631579,-1.2857333333333332
45,N,R,K,0.5435897435897435,-,0.4406779661016949,-,0.3759124087591241,-,2.487836804395656,0.5117396056519677,2.194198821296212,45,N,45,K,45,R,-0.4908763157894736,-0.5335772222222223,-0.5823676923076924
46,S,T,T,0.3935483870967742,-,0.563953488372093,-,0.5872093023255814,-,3.1805193862551366,1.7702605884823563,1.8906085944360909,46,S,46,T,46,T,0.009269473684210524,-0.5157227777777779,-0.19142142857142855
47,S,N,H,0.2451612903225806,-,0.3035714285714285,-,0.2307692307692307,-,2.1854202185600284,1.065451367573059,2.654427984480456,47,S,47,H,47,N,-0.3044047368421053,-1.871755625,-0.2889233333333333
48,I,I,N,0.5482233502538071,-,0.3897435897435897,-,0.248730964467005,B,2.59169767609219,1.7429297831681407,2.589706907659956,48,I,48,N,48,I,-0.2387388888888889,-1.80274,-0.6302083333333334
49,G,P,G,0.2980769230769231,S,0.2211538461538461,S,0.4654088050314465,S,1.693513978303208,0.5390124444382645,1.952023792928772,49,G,49,G,49,P,-0.20919578947368422,-0.7864158823529411,0.22095
50,E,R,K,0.4349775784753363,S,0.25,S,0.3613138686131387,S,1.4890114905125869,0.4862677750663584,1.4341700718876746,50,K,50,K,50,R,-0.01912657894736842,-0.7271,-0.1362375
51,I,I,L,0.0,E,0.0049751243781094,E,0.0,E,1.3785861715824317,0.5433779498694866,0.9303069036574556,51,I,51,L,51,I,-3.6645155555555555,-4.18539,-3.2444470588235292
52,C,C,C,0.0179640718562874,E,0.0,E,0.0,E,2.391471373224773,0.9268751944313064,2.1494786561255674,52,C,52,C,52,C,-4.860894736842106,-5.877933333333333,-4.6242222222222225
52a,-,,D,,,0.1191709844559585,E,,,,,,,,53,D,,,,-1.832769411764706,
53,D,S,L,0.2849740932642487,E,0.0895522388059701,E,0.0516129032258064,-,7.849382626497155,1.5462987091675937,6.371191531172588,53,N,54,L,53,S,-0.1984794736842105,-3.643409375,-1.5318652941176472
54,S,K,D,0.2580645161290322,E,0.538860103626943,T,0.1991525423728813,T,6.821588527326888,1.509131041167084,7.736080297365596,54,S,54a,N,54,K,-0.38352157894736844,-0.70232,-0.37446875
55,P,G,G,0.3773584905660377,S,0.5288461538461539,T,0.3942307692307692,T,2.997273679586091,2.722673796753376,2.195565584725998,55,P,55,G,55,G,-0.3799395789473684,-1.466368823529412,-0.32711666666666667
56,H,K,V,0.0669642857142857,S,0.2816091954022988,B,0.1864406779661017,S,3.2230854898241565,2.96312775575353,2.058034884577367,56,H,56,V,56,K,-0.23765736842105262,-0.60938,-1.1985927272727273
57,Q,R,K,0.4311111111111111,-,0.3813559322033898,-,0.4927007299270073,-,1.1050780165867735,2.709170249914812,2.5053489296590223,57,Q,57,K,57,R,-0.3101042105263158,-0.6993906249999999,0.21728625000000001
58,I,T,P,0.1573604060913705,E,0.050314465408805,-,0.2441860465116279,E,1.7974545570866558,2.0794612848719827,3.064114213342035,58,I,58,P,58,T,-3.5528421052631582,-5.427764705882353,-0.21313529411764706
59,L,V,L,0.0398009950248756,E,0.0597014925373134,E,0.1034482758620689,E,2.1442173071349573,1.3664667345810353,2.722472008000235,59,L,59,L,59,V,-1.8843052631578947,-2.5279875,-0.6681807692307693
60,D,D,I,0.2020725388601036,E,0.2131979695431472,E,0.3212435233160621,E,1.835651662202785,0.8531677776205688,1.6465226862886375,60,D,60,I,60,D,-2.8297105263157896,-1.7612692307692308,-1.5266472727272729
61,G,L,L,0.0,-,0.0,-,0.0149253731343283,-,1.3598441921396534,1.4022169263571436,0.7606108918635368,61,G,61,L,61,L,-4.344473684210526,-5.269285714285714,-3.5439636363636366
62,E,G,R,0.484304932735426,T,0.3686131386861314,S,0.1634615384615384,T,1.244720667294035,0.993187392744759,0.6655131558179306,62,G,62,K,62,G,-0.6825878947368421,-0.30537357142857147,-0.42396666666666666
63,N,Q,D,0.2769230769230769,T,0.4041450777202072,S,0.5866666666666667,T,0.9296291875275682,1.2853239426549918,1.4405897530626015,63,N,63,D,63,Q,-0.05677263157894737,-0.8821547058823529,-0.2523846153846154
64,C,C,C,0.0119760479041916,-,0.0059880239520958,B,0.0119760479041916,S,0.564073823584534,1.6886348515036915,1.4152991982262084,64,C,64,C,64,C,-4.8093157894736835,-5.725764705882353,-4.756666666666667
65,T,G,S,0.1453488372093023,-,0.0064516129032258,-,0.0384615384615384,-,1.125894365513335,1.92720708070958,1.2210972963660425,65,T,65,S,65,G,-1.080236842105263,-4.75625625,-4.044105882352941
66,L,L,V,0.0,H,0.0,H,0.0,T,1.9074203626861377,0.6653500436346331,1.6423645389914283,66,L,66,V,66,L,-3.882642105263158,-2.9027846153846153,-2.148640909090909
67,I,L,A,0.0,H,0.0,H,0.0,T,1.644452116036093,1.4009910261289449,2.031967324815306,67,I,67,A,67,L,-3.662325263157895,-1.323864705882353,-1.6088307692307693
68,D,G,G,0.0,H,0.0,H,0.0,H,0.7916278018300666,2.228226300466783,2.0661611395358617,68,D,68,G,68,G,-3.852578947368421,-5.165117647058824,-4.3875
69,A,T,W,0.0620155038759689,H,0.0210526315789473,H,0.0,H,0.961547720400583,2.810509322328091,2.280732574651924,69,A,69,W,69,T,-1.8653621052631577,-3.7039500000000003,-2.165626666666667
70,L,I,L,0.0049751243781094,H,0.0049751243781094,H,0.0304568527918781,H,0.9543308286887217,2.620198881853598,1.817186516461516,70,L,70,L,70,I,-3.223035789473684,-4.204152352941176,-2.0216458333333334
71,L,T,L,0.0049751243781094,H,0.0049751243781094,T,0.0,H,0.8103333851238258,1.771685472325093,1.005787297845546,71,L,71,L,71,T,-3.9815131578947374,-3.65125625,-1.3733961538461539
72,G,G,G,0.0192307692307692,T,0.0961538461538461,T,0.0,-,0.6238538210664442,0.8793635531013942,0.4509297111120416,72,G,72,G,72,G,-4.778736842105263,-1.64684375,-3.7575
73,D,P,N,0.005181347150259,-,0.0205128205128205,-,0.0,-,0.7504501601100282,1.3207404150424442,0.8737058926418975,73,D,73,N,73,P,-3.013915789473684,-2.853221875,-2.190525
74,P,P,P,0.0943396226415094,G,0.0188679245283018,G,0.2012578616352201,G,0.8732007251229541,0.3790304707074458,1.0221934525466043,74,P,74,P,74,P,-4.712578947368421,-2.3278235294117646,-1.6805
75,Q,Q,M,0.2888888888888888,G,0.375,G,0.2177777777777777,G,0.9375119802013931,1.7139951741786643,1.7096130844258095,75,Q,75,M,75,Q,-0.6421321052631579,-0.17019285714285717,-0.120194
76,C,C,C,0.0119760479041916,G,0.029940119760479,G,0.0,G,0.3520058053811665,1.6476339454148383,1.5023017289319431,76,C,76,C,76,C,-4.837894736842105,-5.6832666666666665,-4.5494375
77,D,D,D,0.2072538860103626,G,0.3005181347150259,G,0.3419689119170984,T,0.4467304299308672,0.8201559784804374,1.2259529664195763,77,D,77,D,77,D,-1.253878947368421,-0.65047375,-1.6789153846153846
78,G,Q,E,0.6538461538461539,G,0.4618834080717489,G,0.6888888888888889,T,0.6247582000819181,1.123991560554353,1.530877821095721,78,G,78,E,78,Q,-0.10928052631578948,-0.5784192307692309,-0.6002613333333334
79,F,F,F,0.0708333333333333,G,0.0541666666666666,G,0.0833333333333333,T,0.6561041355390208,1.28214026383588,0.6520148633215932,79,F,79,F,79,F,-0.6844631578947368,-4.081892307692308,-0.5864316666666667
80,Q,L,I,0.3422222222222222,T,0.4416243654822335,T,0.1293532338308457,T,1.3261675283916283,2.0894228532509143,2.0926683210348425,80,Q,80,I,80,L,-0.18428263157894736,-0.7307294117647058,-0.17837866666666666
81,N,E,N,0.358974358974359,T,0.5538461538461539,T,0.3497757847533632,T,1.872096785840932,0.913715130443587,1.837541008724454,81,N,81,R,81,E,-0.46931388888888886,-0.5499813333333333,-1.01101
82,K,F,V,0.3813559322033898,-,0.1206896551724138,-,0.0583333333333333,-,0.7552494076081174,0.8787067752016391,0.8184064629682613,82,K,82,V,82,F,-0.06009947368421053,-1.4776028571428572,-1.9650115384615385
82a,-,,P,,,0.5974842767295597,-,,,,,,,,82a,P,,,,-2.278607692307692,
83,K,S,E,0.3855932203389831,B,0.358744394618834,-,0.3161290322580645,B,3.15564630272354,1.7434889913312832,3.397503765337148,83,E,83,E,83,S,-0.06559999999999999,-1.573405,-0.18835714285714286
84,W,A,W,0.0070175438596491,-,0.0070175438596491,-,0.0,-,1.7463811593368572,1.9661657546328115,2.205046984296074,84,W,84,W,84,A,-4.325231578947369,-5.818764705882352,-2.478328571428571
85,D,D,S,0.2642487046632124,S,0.0774193548387096,S,0.2746113989637305,S,1.1741883152926422,2.4435848473478683,2.557350009896868,85,D,85,S,85,D,-1.126128947368421,-3.30115,-0.8290666666666667
86,L,L,Y,0.0049751243781094,E,0.0,-,0.0049751243781094,E,1.4385962813001347,2.5220878366004387,3.247858103226738,86,L,86,Y,86,L,-3.8003763157894737,-5.5119,-2.565400769230769
87,F,I,I,0.0,E,0.0,E,0.0050761421319796,E,1.3462237693579289,1.7110726437246335,2.2980494878935485,87,F,87,I,87,I,-4.089747368421053,-4.5836,-2.651589285714286
88,V,I,V,0.0,E,0.0,E,0.0,E,0.9395205304614868,1.4752733957137891,1.5987790274303133,88,V,88,V,88,I,-3.968810526315789,-3.57903125,-3.381787272727273
89,E,E,E,0.0627802690582959,E,0.0134529147982062,-,0.0627802690582959,E,0.6710513727297646,1.4891272040964167,1.1166635520453976,89,E,89,E,89,E,-4.8356315789473685,-1.3693192857142857,-1.0337
90,R,R,K,0.072992700729927,-,0.1906779661016949,-,0.0948905109489051,-,1.6844245468700154,1.5717243856618013,1.990725757461001,90,R,90,R,90,R,-4.028526315789474,-0.5877888888888889,-2.581425
90a,-,,A,,,0.5581395348837209,S,,,,,,,,91,A,,,,0.0045499999999999985,
91,S,R,N,0.6258064516129033,T,0.764102564102564,S,0.6204379562043796,T,3.923888418843836,1.8851931386640195,3.300153085519088,91,S,92,N,91,R,-0.5756936842105264,-0.09662812500000001,-0.7256617647058823
92,K,E,P,0.5042372881355932,T,0.1509433962264151,-,0.4977578475336323,T,4.932316771627149,2.713662820224432,2.50300772813141,92,R,92a,P,92,E,0.1993436842105263,-1.6929500000000002,-0.26963076923076923
93,A,G,A,0.1937984496124031,-,0.6046511627906976,S,0.2596153846153846,-,3.431986445856034,2.732565967820681,4.516300821579369,93,A,93,A,93,G,-0.39406052631578947,-0.007319999999999999,-2.21559375
94,Y,S,N,0.4182509505703422,-,0.123076923076923,B,0.3032258064516129,-,3.536575957688018,4.05344289676947,2.889898114280192,94,N,94,N,94,S,-0.4094105263157895,-0.6945213333333334,0.31775624999999996
95,S,D,D,0.1935483870967742,-,0.3264248704663212,S,0.1502590673575129,S,3.1751251772836864,5.68430045773246,2.7310448307462725,95,S,95,D,95,D,-1.1204342105263156,-1.1361684210526315,-0.5740590909090909
96,N,V,L,0.4,-,0.1592039800995024,-,0.1206896551724138,-,6.56239026114149,6.023398687728123,1.344778179387418,96,S,96,L,96,V,-1.1515368421052632,-0.8268135294117647,-0.5091316666666666
97,C,C,C,0.0059880239520958,S,0.0538922155688622,S,0.0359281437125748,S,2.58693472427453,1.0764817187559512,1.9788777169207432,97,C,97,C,97,C,-4.874315789473684,-5.684647058823529,-4.7673125
98,Y,Y,Y,0.0456273764258555,S,0.0152091254752851,S,0.026615969581749,S,2.505643487505548,0.1154512886203199,2.4471644361717444,98,Y,98,Y,98,Y,-4.816315789473684,-5.475588235294118,-4.370625
99,P,P,P,0.0125786163522012,-,0.10062893081761,-,0.0125786163522012,S,2.6003954744059445,0.4708628396019441,2.4192414030478373,99,P,99,P,99,P,-3.999315789473684,-5.3229375,-2.6481088235294115
100,Y,G,G,0.1444866920152091,E,0.3365384615384615,-,0.25,E,3.2709258734496443,0.8748007503670655,2.6054497211111145,100,Y,100,G,100,G,-3.6963052631578948,-3.954572222222222,-4.2317857142857145
101,D,K,N,0.3678756476683937,E,0.4512820512820513,-,0.5211864406779662,E,1.9750378435367544,1.1230270990938935,2.952804594893243,101,D,101,S,101,K,-0.5270013157894737,-0.11137187500000001,-0.46830666666666665
102,V,F,F,0.0632183908045977,-,0.0583333333333333,B,0.0291666666666666,E,0.5798504934672248,1.3795013074690567,0.9797009553608972,102,V,102,L,102,F,-2.986507947368421,-2.836084615384615,-1.7526211764705883
103,P,V,N,0.3396226415094339,T,0.3076923076923077,T,0.3333333333333333,T,1.8645801917140927,2.11915469469877,0.3090073147762628,103,P,103,N,103,V,-0.29058736842105265,-0.339574375,-0.1364475
104,D,N,D,0.5129533678756477,T,0.4611398963730569,T,0.5846153846153846,T,1.8127143538323447,1.9039679125663365,0.5077646257599001,104,D,104,D,104,N,-1.1561052631578947,-0.5202625,-0.2611946875
105,Y,E,Y,0.2965779467680608,H,0.1292775665399239,H,0.1300448430493273,H,1.3855912714178862,1.40369133741116,0.5936661324055159,105,Y,105,Y,105,E,-0.9670263157894737,-0.775123125,-0.07073222222222222
106,A,E,E,0.4651162790697674,H,0.2062780269058296,H,0.1345291479820627,H,0.8300797827884544,1.1015328568783735,0.9495969426758722,106,A,106,E,106,E,-0.011962105263157885,-2.588759375,-0.6689073333333333
107,S,A,E,0.3032258064516129,H,0.5426008968609866,H,0.2403100775193798,H,1.1284531044197277,1.0636431300080649,1.323376894645662,107,S,107,E,107,A,-0.3705177777777778,-5.689357142857142,-0.5318417647058824
108,L,L,L,0.0,H,0.0,H,0.0,H,1.5786961981228382,1.3526838552244416,1.3076871377642372,108,L,108,L,108,L,-4.187694736842105,-4.2215750000000005,-3.219011111111111
109,R,R,K,0.0145985401459854,H,0.0211864406779661,H,0.0547445255474452,H,1.8871009835211976,1.0943966896146655,1.6084177177276338,109,R,109,K,109,R,-2.8399,-2.8421384615384615,-2.028426666666667
110,S,Q,H,0.2645161290322581,H,0.4776785714285714,H,0.2844444444444444,H,2.083455094890645,1.2017291553655305,2.2861205982565824,110,S,110,H,110,Q,-0.4465882352941177,-3.095011111111111,-0.63823125
111,L,I,L,0.1940298507462686,H,0.2238805970149253,H,0.1979695431472081,H,1.624641220510235,1.459155007252671,2.4029652742488983,111,L,111,M,111,I,-1.78076,-2.141027222222222,-0.04038666666666667
112,V,L,L,0.0172413793103448,H,0.0,T,0.0,H,3.1819629646607672,1.5120032087132276,3.046467643821999,112,V,112,L,112,L,-3.562965789473684,-3.5679235294117646,-2.8521294444444445
113,A,R,S,0.0,H,0.1548387096774193,T,0.0364963503649635,H,4.517850713033672,1.178517464820709,4.247633490597657,113,A,113,S,113,R,-4.124783333333333,-4.686133333333333,-4.2369375
114,S,E,R,0.2516129032258064,H,0.4489051094890511,S,0.5381165919282511,T,3.2792951169017,1.805199216245704,3.736425345772649,114,S,114,R,114,E,-0.45253263157894735,-3.38728125,-0.5147030769230769
115,S,S,I,0.064516129032258,H,0.0203045685279187,B,0.0,S,1.8370905837145008,1.7938668659262644,2.6101984805742404,115,S,115,I,115,S,-1.2295789473684209,-4.8309625,-1.13098125
116,G,G,N,0.0288461538461538,T,0.1025641025641025,-,0.0192307692307692,S,2.9690939559126384,2.708978523245286,2.3135842046418893,116,G,116,N,116,G,-4.851055555555556,-2.272080588235294,-3.4869684210526315
117,T,G,H,0.0174418604651162,B,0.2098214285714285,-,0.0,B,3.18057143579057,1.3356617110083515,3.1717874325423603,117,T,117,H,117,G,-0.5963631578947368,-0.9520911764705882,-3.608052777777778
118,L,I,F,0.0099502487562189,-,0.0333333333333333,E,0.0,E,4.448366735156385,2.4479524799256027,2.20656781204525,118,L,118,F,118,I,-3.2775578947368422,-3.9517615384615388,-2.255075
119,E,D,E,0.1121076233183856,-,0.1838565022421524,E,0.2072538860103626,E,2.5263180487550763,1.6578509121479328,1.5319130925681492,119,E,119,E,119,D,-0.8735916666666667,-0.8665112500000001,-0.733674375
120,F,K,K,0.0541666666666666,E,0.0635593220338983,E,0.0254237288135593,E,0.7662067162494698,1.1827894150544973,1.3722556721593695,120,F,120,K,120,K,-4.107639473684211,-1.43861375,-3.7406214285714285
121,N,E,I,0.282051282051282,E,0.065989847715736,E,0.2286995515695067,E,0.6503491876701523,1.200447420916838,1.3736772836669455,121,K,121,I,121,E,-0.17218684210526314,-0.25457857142857143,-1.215093125
122,N,A,Q,0.5641025641025641,E,0.2133333333333333,E,0.5348837209302325,E,0.7219459508019324,1.5287961934581782,1.416907203723999,122,N,122,L,122,A,-0.026019210526315794,-0.21782500000000002,-0.040337500000000026
123,E,M,I,0.1524663677130044,-,0.0558375634517766,S,0.0714285714285714,-,2.4903207191494148,1.6387526700163138,1.621727844002325,123,E,123,I,123,M,-4.707368421052632,-2.8123177777777775,-1.7817972222222223
124,S,G,I,0.7806451612903226,-,0.0761421319796954,S,0.5384615384615384,-,3.1266967675755457,0.4772151086707241,2.805913997229377,124,S,124,I,124,G,0.005319473684210527,-0.17600625,-0.3830375
125,F,F,P,0.0833333333333333,-,0.2075471698113207,-,0.0958333333333333,-,5.192880149283449,1.6417645689554472,4.469297400112247,125,F,125,P,125,F,-3.931878947368421,-1.0174666666666667,-1.000136153846154
125a,-,,K,,,0.3771186440677966,T,,,,,,,,125a,K,,,,-0.16469805555555556,
125b,-,,S,,,0.4129032258064516,T,,,,,,,,125b,S,,,,-0.0019555555555555576,
126,N,T,S,0.517948717948718,-,0.2,-,0.7093023255813954,-,4.859725731102543,3.2634719892046435,1.824362866542324,126,N,126,S,126,T,-0.5131384210526315,-0.12099642857142856,-1.03918
127,W,Y,W,0.0385964912280701,-,0.0526315789473684,-,0.1406844106463878,-,3.26603226214182,2.5040576317334917,2.626486116629465,127,W,127,W,127,Y,-4.333463157894737,-2.2114000000000003,-2.798098125
128,T,S,S,0.6162790697674418,T,0.3419354838709677,-,0.6709677419354839,S,4.196590983809151,2.501714686989014,3.847813859379129,128,T,128,P,128,S,-0.1667684210526316,0.014973125,-2.4006588235294117
129,G,G,D,0.2884615384615384,T,0.4974093264248704,S,0.3942307692307692,S,2.7632711115933684,2.630265947695811,2.9729048542121954,129,G,129,N,129,G,-0.8752249999999999,-0.576240625,-1.5416
130,V,I,H,0.057471264367816,S,0.0491071428571428,E,0.1116751269035533,S,1.7679527164527091,2.0782205776885525,2.334933017153351,130,V,130,H,130,I,-3.8593531578947364,-2.7197590909090907,-1.7932047058823528
131,T,R,E,0.3197674418604651,B,0.3004484304932735,E,0.3138686131386861,-,1.5325923381749504,1.194658363725596,1.3725710419588042,131,K,131,E,131,R,-1.7450973684210525,-1.1552346153846154,-1.7379538461538464
131a,-,,A,,,0.0697674418604651,-,,,,,,,,132,T,,,,-0.24424466666666664,
132,Q,T,S,0.3777777777777777,-,0.535483870967742,T,0.3081395348837209,-,5.03916681040424,1.1412413777003847,4.773252458418956,132,Q,133,S,132,T,-0.9249947368421052,-0.36547428571428575,-0.7098917647058823
133,N,N,S,0.4512820512820513,-,0.3548387096774194,T,0.5897435897435898,-,5.0973998852122975,2.595763028850388,2.88588087627078,133,N,133a,L,133,N,-1.5758473684210526,-0.2968311764705882,-0.97296
134,G,G,G,0.1538461538461538,-,0.0673076923076923,-,0.1057692307692307,-,1.082635426172412,1.3361341667632576,1.78633971047451,134,G,134,G,134,G,-4.681473684210526,-4.01246875,-4.7498125
135,T,A,V,0.4593023255813953,-,0.3620689655172414,-,0.3488372093023256,-,1.0322442945708463,0.939567479540031,0.6391520510845142,135,T,135,V,135,A,-0.4013457894736842,-0.48023,-0.588824
136,S,T,S,0.0838709677419354,E,0.1161290322580645,E,0.0872093023255814,E,1.086667817424175,0.9140227037705106,0.9501905230763368,136,S,136,S,136,T,-4.674736842105263,-4.423261538461539,-4.5929166666666665
137,S,S,S,0.5483870967741935,E,0.6451612903225806,E,0.5548387096774193,E,1.670283861964986,1.2842518536103806,1.8833099293012263,137,S,137,A,137,S,-1.2718489473684211,-0.251821875,-1.4887755555555555
138,A,A,A,0.1085271317829457,E,0.1085271317829457,E,0.2015503875968992,E,1.8834677760079643,1.3330807217376817,2.711236431629788,138,A,138,A,138,A,-4.298268421052632,-3.3415875,-2.376076923076923
139,C,C,C,0.0,E,0.0,E,0.0,E,1.7967251418529264,0.9561482064265612,2.6271024639936944,139,C,139,C,139,C,-4.717736842105263,-4.8982,-4.603411764705882
140,I,R,P,0.3857868020304568,E,0.3522012578616352,E,0.656934306569343,E,2.492041258447575,0.6080295978919936,2.7239754439115664,140,K,140,P,140,R,-0.39246105263157893,-0.254704375,-0.04605
141,R,R,Y,0.0985401459854014,E,0.376425855513308,S,0.3138686131386861,S,2.70360437291081,1.3025619441819516,3.326549898919174,141,R,141,Y,141,R,-0.9263526315789473,-0.24669357142857143,-0.9916785714285714
142,R,S,Q,0.7226277372262774,T,0.6577777777777778,S,0.8451612903225807,S,3.7572323229417695,3.1987826789060168,5.628101941562821,142,G,142,Q,143,S,-0.5418430555555556,-0.016122222222222222,-0.654056875
143,S,-,G,0.7483870967741936,T,0.6826923076923077,S,,,4.032129938091386,,,143,S,143,G,,,-0.22073157894736842,-0.28314285714285714,
144,N,G,T,0.5846153846153846,E,0.4534883720930232,S,0.3461538461538461,S,2.850757681962562,1.1828400754667,2.151459076715049,144,S,144,A,144,G,-0.39466894736842106,-0.2474694444444444,-0.6304223529411764
145,N,S,P,0.4358974358974359,E,0.4716981132075472,E,0.4903225806451612,E,2.243395843379828,0.6448494627556893,1.8037276023747764,145,S,145,P,145,S,-1.307601111111111,-0.6694761538461538,-0.7142
146,S,S,S,0.1483870967741935,E,0.0838709677419354,E,0.2193548387096774,E,1.7189141078862522,0.6083584163848156,1.7256604090041752,146,S,146,S,146,S,-2.138152777777778,-0.682845,-2.1015142857142854
147,F,F,F,0.0291666666666666,-,0.0458333333333333,-,0.05,-,1.1254872758818488,0.717560310361549,1.4734106085741732,147,F,147,F,147,F,-4.491994736842105,-3.5848058823529416,-4.073176470588235
148,F,Y,F,0.0083333333333333,-,0.0291666666666666,-,0.0152091254752851,-,0.3960107614005928,1.1381619183259546,1.1731228457399507,148,F,148,F,148,Y,-4.484752631578948,-2.778253846153846,-3.06928125
149,S,A,R,0.1612903225806451,T,0.3175182481751825,S,0.3100775193798449,T,0.659584851069149,0.9912297579670404,0.8434622047842582,149,S,149,R,149,A,-0.7593115789473683,-0.38582500000000003,-0.3317876470588235
150,R,E,N,0.0802919708029197,T,0.0358974358974358,S,0.0044843049327354,T,0.2509451052427222,1.251839441530895,1.0734495153582768,150,R,150,N,150,E,-1.7878705263157897,-0.5071277777777777,-1.8327419999999999
151,L,M,V,0.0049751243781094,E,0.0229885057471264,E,0.0491071428571428,E,0.3301166599208755,1.0758506291344156,0.9782648183586328,151,L,151,V,151,M,-4.184684210526316,-1.8972976470588236,-1.045967857142857
152,N,K,V,0.0153846153846153,E,0.0057471264367816,E,0.25,E,0.5548334531731038,1.0598090134438702,0.925307735599946,152,N,152,V,152,K,-4.5793684210526315,-1.769825,-0.7708530769230768
153,W,W,W,0.0456140350877193,E,0.0491228070175438,E,0.0701754385964912,E,0.5871656327580183,0.886293525672648,0.9301601759211394,153,W,153,W,153,W,-4.885578947368422,-5.5151875,-4.7683125
154,L,L,L,0.0,-,0.0,-,0.0,-,0.6341996419757805,0.5942088869409256,0.7246638379789847,154,L,154,L,154,L,-4.00275,-3.523214285714286,-2.8702285714285716
155,T,L,I,0.1337209302325581,B,0.1116751269035533,E,0.0845771144278607,-,0.7362496505182087,0.5872930997772202,0.673699282330944,155,T,155,I,155,L,-3.582957894736842,-2.846166666666667,-2.3827486666666666
156,H,S,K,0.1383928571428571,-,0.135593220338983,E,0.0064516129032258,-,1.0077998717618784,0.6746619787182997,1.0488054817767931,156,S,156,K,156,S,-1.6767394736842105,-0.9115305882352942,-2.491172222222222
157,L,N,K,0.3383084577114428,B,0.326271186440678,S,0.4615384615384615,S,1.3042044980883762,2.193639350950249,1.996152424575693,157,L,157,K,157,N,-0.43631868421052633,-0.790186,-0.9614013888888889
158,N,T,N,0.6717948717948717,T,0.7282051282051282,S,0.5465116279069767,S,1.1519514974673772,4.290778262977325,3.890256050240216,158,N,158,N,158,T,-0.9069873684210525,-0.2568770588235294,-0.9946291666666666
158a,-,D,,,,,,0.5544041450777202,S,,,,,,,,158a,D,,,-3.594791666666667
158b,-,N,,,,,,0.4461538461538462,S,,,,,,,,158b,N,,,-1.1317384615384616
159,F,A,N,0.6833333333333333,T,0.5794871794871795,S,0.4496124031007752,S,1.1546881410537566,3.359447759098017,4.047664355065423,159,N,159,D,159,A,-1.1691315789473684,-1.262576923076923,-0.9410713333333334
160,K,A,T,0.6694915254237288,B,0.4302325581395348,-,0.5658914728682171,-,1.2489301052777868,3.332147954584049,4.490763302168736,160,I,160,A,160,A,-0.3432115789473684,-0.51906125,-1.2676333333333334
161,Y,F,Y,0.0190114068441064,-,0.0152091254752851,-,0.025,-,1.15745396423077,1.242006456632705,2.2613769349187347,161,Y,161,Y,161,F,-1.7193421052631581,-4.937067857142857,-2.718625294117647
162,P,P,P,0.3710691823899371,P,0.2893081761006289,P,0.4025157232704403,-,1.5110319730876944,0.926612648738136,2.211742614152868,162,P,162,P,162,P,-2.742210526315789,-0.8431333333333334,-1.00120375
163,A,Q,T,0.5813953488372093,P,0.4476744186046512,P,0.4755555555555555,-,1.643918319720037,0.6101649419639364,2.1061001699811204,163,A,163,T,163,Q,-0.5815921052631579,-0.07142933333333333,-0.872360625
164,L,M,I,0.0398009950248756,E,0.0253807106598984,E,0.0848214285714285,E,1.3358597536324437,1.1117276750747098,1.860780197778806,164,Q,164,I,164,M,-2.8916684210526316,-1.9449500000000002,-0.49250617647058825
165,N,T,K,0.5743589743589743,E,0.6652542372881356,E,0.4883720930232558,E,1.4205530038140712,0.7016076170788906,0.9609226089867736,165,N,165,K,165,T,-1.6212,-0.3327641176470588,-0.889868125
166,V,K,R,0.057471264367816,E,0.2445255474452554,E,0.2203389830508474,E,0.9353909691258574,0.7419596983450754,0.81545021098323,166,V,166,I,166,K,-1.0568510526315789,-0.558986,0.58618125
167,T,S,S,0.4534883720930232,E,0.4709677419354838,E,0.4258064516129032,E,0.992761725722912,0.8321173285557875,0.5957325950184073,167,T,167,S,167,S,-1.5071388888888888,-0.30802368421052634,-0.343746875
168,M,Y,Y,0.1071428571428571,E,0.1520912547528517,E,0.0608365019011406,E,0.9445913676764476,0.7628602343951818,0.8556939114753678,168,M,168,Y,168,Y,-1.4413786842105263,-3.4622111111111114,-3.240978947368421
169,P,K,N,0.3081761006289308,E,0.441025641025641,E,0.4194915254237288,E,0.8837916922886646,1.2867846309640345,1.0573646719226597,169,P,169,N,169,K,-0.5642163157894737,-0.7202947368421052,0.4836638888888889
170,N,N,N,0.0,-,0.0,-,0.0,-,1.0543381468294708,1.62951267235038,0.6973949482219095,170,N,170,N,170,N,-4.71878947368421,-5.133,-4.337470588235294
171,N,T,T,0.6564102564102564,-,0.5872093023255814,-,0.563953488372093,-,1.4338313979017154,2.0777621255272294,0.6720704630635196,171,K,171,T,171,T,-0.09897,-0.8027529411764707,0.04304052631578948
172,E,R,N,0.3677130044843049,S,0.1692307692307692,S,0.3102189781021898,S,1.384807078933138,1.854814521704192,0.7833071953962839,172,E,172,N,172,R,-1.2421947368421054,-0.7514038888888889,-0.17644200000000002
173,Q,K,Q,0.8444444444444444,S,0.6977777777777778,S,0.8771186440677966,S,1.5981316950119675,1.7236339371877176,0.943795587570535,173,Q,173,R,173,K,-0.09092210526315789,-0.1337905882352941,0.19406200000000004
174,F,S,E,0.2875,S,0.242152466367713,S,0.2645161290322581,S,1.515450779608178,1.5658763648071663,0.0635428822914048,174,F,174,E,174,S,-1.2893000000000001,-0.50083,-0.06484888888888889
175,D,P,D,0.238341968911917,-,0.1761658031088082,-,0.3270440251572327,-,1.5292998550103676,0.984558294902848,0.8311889551538356,175,D,175,D,175,P,-0.7422284210526315,-0.254726,-0.012672500000000001
176,K,A,L,0.0084745762711864,E,0.0,E,0.0,E,1.5013545404862023,0.5364080169909751,1.1863442890294726,176,K,176,L,176,A,-4.839526315789473,-2.6119333333333334,-2.14221875
177,L,L,L,0.0248756218905472,E,0.0149253731343283,E,0.0049751243781094,E,0.9742742470401612,0.6342343105533434,0.756130293885341,177,L,177,L,177,L,-4.057378947368421,-4.1056923076923075,-2.712435
178,Y,I,I,0.0,E,0.0101522842639593,E,0.0,E,0.3925102844238529,0.5296381457990322,0.8367381017006489,178,Y,178,I,178,I,-4.857578947368421,-4.2198062499999995,-3.331726666666667
179,I,V,L,0.0304568527918781,E,0.0298507462686567,E,0.0344827586206896,E,0.6765605264511912,1.225241343645998,0.7277314047693487,179,I,179,L,179,V,-4.066705263157894,-1.76842375,-1.289176923076923
180,W,W,W,0.0035087719298245,E,0.0035087719298245,E,0.0,E,0.5428380309640037,1.0114431317677848,0.5654310057854721,180,W,180,W,180,W,-4.597315789473685,-5.4494187499999995,-4.2171875
181,G,G,G,0.0,E,0.0,E,0.0,E,0.4468866009259774,1.0539119904105343,0.7086710533053338,181,G,181,G,181,G,-4.597663157894736,-4.92786875,-4.401711176470588
182,V,I,I,0.0,E,0.0101522842639593,E,0.0101522842639593,E,0.5838771128217443,0.4304093995251136,0.2013715716587575,182,V,182,I,182,I,-2.864425789473684,-2.370653125,-2.9553239999999996
183,H,H,H,0.0089285714285714,E,0.0,E,0.0,E,0.6742531637334804,0.3951436355146594,0.3230753012283872,183,H,183,H,183,H,-4.075466666666667,-4.829446153846154,-3.3360266666666667
184,H,H,H,0.0580357142857142,E,0.0446428571428571,E,0.0401785714285714,E,0.6968478377009023,0.2656273417432805,0.6092222864879712,184,H,184,H,184,H,-1.2626668421052631,-4.830264705882353,-1.5932777777777778
185,P,S,S,0.0062893081761006,-,0.0,-,0.0,-,1.133953443717494,0.425623754979253,0.979560720546256,185,P,185,S,185,S,-4.544631578947368,-3.214384615384615,-2.4243058823529413
186,G,V,N,0.0576923076923076,S,0.1282051282051282,S,0.3103448275862069,S,1.965452629651528,0.603689992697996,2.0310477242526286,186,D,186,N,186,V,-4.124205555555555,-2.9892046666666667,-1.71220625
187,T,S,D,0.313953488372093,S,0.4041450777202072,S,0.3096774193548387,S,2.0763872903580616,1.037378910948736,2.133983872173653,187,T,187,N,187,S,-1.4301494736842106,-0.680134375,-1.9544294117647056
188,D,T,A,0.6010362694300518,H,0.5891472868217055,H,0.5174418604651163,H,1.971009853955168,1.5931824378237356,2.800605686366305,188,D,188,A,188,T,-0.07020157894736842,-0.5806858823529412,-0.7675167647058824
189,K,A,A,0.7627118644067796,H,0.4961240310077519,H,0.5271317829457365,H,1.6076440126336151,1.951282995428202,2.3034745014247524,189,K,189,E,189,A,-0.8459,-1.2661246153846155,-0.61242
190,D,E,E,0.3782383419689119,H,0.1255605381165919,H,0.2286995515695067,H,1.2683466836245374,1.1890381391905938,1.1067686698698993,190,N,190,E,190,E,-3.307005263157895,-4.021,-4.218
191,Q,Q,Q,0.0044444444444444,H,0.0177777777777777,H,0.0622222222222222,H,1.200089866725509,0.338740720602375,1.3024923226580942,191,Q,191,Q,191,Q,-2.9727473684210524,-5.122386375,-2.156164705882353
192,I,T,T,0.416243654822335,H,0.3313953488372093,H,0.2151162790697674,H,1.1933560047501617,1.3361586151132547,1.9692583933320047,192,F,192,T,192,T,-2.033021052631579,-0.154571875,-1.0406099999999998
193,F,K,K,0.6333333333333333,H,0.614406779661017,H,0.4152542372881356,H,1.0504502605562285,1.605774935491731,1.7283693903598534,193,S,193,N,193,K,-3.729142105263158,-0.22648153846153846,-0.057693125
194,L,L,L,0.1492537313432835,H,0.1492537313432835,H,0.1194029850746268,H,0.807748183201726,1.266639571597438,1.1724831540428489,194,L,194,L,194,L,-4.768105263157895,-4.085446666666667,-3.9445266666666665
195,Y,Y,Y,0.0,H,0.0,H,0.0,T,0.8282075359468394,0.8367750070514363,1.269178339951275,195,F,195,Y,195,Y,-3.5324736842105264,-5.5815624999999995,-4.23838125
196,A,G,Q,0.2325581395348837,S,0.2622222222222222,S,0.048076923076923,-,0.4968458781162673,2.457742169617122,2.5720385846944573,196,A,196,K,196,G,-1.3743368421052633,0.08080432142857143,-4.459764705882353
197,Q,S,N,0.2888888888888888,S,0.2051282051282051,-,0.6064516129032258,S,1.5451373934891193,2.777006001216558,3.966581717304359,197,Q,197,N,197,S,-0.7239511111111111,-0.276385,-1.632943125
198,S,G,P,0.5806451612903226,S,0.6163522012578616,S,0.5192307692307693,S,1.3514388160575752,3.910666480059968,3.4282421246677064,198,S,198,P,198,G,-0.15280315789473684,-0.0957607142857143,-1.58340625
199,S,N,T,0.4709677419354838,-,0.686046511627907,S,0.8102564102564103,-,2.2226548631353147,3.145332716420259,2.2035047286928715,199,S,199,T,199,N,-0.12065315789473684,-0.10564785714285715,-0.6026794736842106
200,G,K,T,0.0096153846153846,-,0.0232558139534883,-,0.0720338983050847,-,1.9753095637911595,1.897877819792473,0.9055736429677738,200,G,200,T,200,K,-0.9572557894736843,-3.6650973684210526,-0.3846735294117647
201,R,L,Y,0.4963503649635036,-,0.1368821292775665,-,0.3930348258706467,-,0.4780812671448164,1.5154504214688571,1.3279821341485891,201,R,201,Y,201,L,-0.26493736842105264,-0.970815294117647,-1.527153125
202,I,V,I,0.0,E,0.0050761421319796,E,0.0229885057471264,E,0.7663901982499568,0.9120943217065116,1.2173068212454992,202,I,202,I,202,V,-3.2893000000000003,-3.763309375,-2.6727857894736844
203,T,T,S,0.1976744186046511,E,0.2,E,0.2558139534883721,E,1.0223670788639816,1.0005213929664925,1.1768248629075528,203,T,203,S,203,T,-1.7262305263157895,-2.1332940000000002,-0.5244861111111111
204,V,V,V,0.0,E,0.0057471264367816,E,0.0229885057471264,E,0.6398617768534277,1.1881766140318542,0.8206329689283566,204,V,204,V,204,V,-3.628163157894737,-3.226515,-3.3402622222222225
205,S,G,G,0.1548387096774193,E,0.1442307692307692,E,0.2884615384615384,E,0.3678254674549629,0.968651577908944,0.7964381200120025,205,S,205,G,205,G,-1.9227576315789474,-4.2883812500000005,-0.9078578947368422
206,T,S,T,0.0988372093023255,-,0.1337209302325581,-,0.1870967741935484,-,0.994420558126433,0.4664749603964424,0.8299943923540838,206,T,206,T,206,S,-3.9397157894736843,-4.2758529411764705,-0.88130375
207,K,S,S,0.6694915254237288,S,0.6193548387096774,S,0.5741935483870968,S,2.2101840129600574,2.2147868084177498,1.0808401731192618,207,K,207,S,207,S,-0.5373736842105263,-0.43287230769230767,-0.00816368421052631
208,R,N,T,0.6496350364963503,S,0.7209302325581395,S,0.6615384615384615,S,2.558850985535009,2.3988376184269278,1.9404711121902225,208,R,208,T,208,N,0.07376578947368422,-0.46218888888888887,-0.06838799999999999
209,S,Y,L,0.2129032258064516,-,0.2039800995024875,-,0.1520912547528517,-,1.825111362280765,1.515910316026318,1.7552760538249832,209,S,209,L,209,Y,-0.5979184210526316,-2.725926923076923,-0.041432105263157916
210,Q,Q,N,0.7288888888888889,E,0.7948717948717948,E,0.7955555555555556,E,1.246009616389069,1.2094438132936574,1.749351556299204,210,Q,210,N,210,Q,-0.8739042105263157,-4.725352941176471,-1.0780343749999999
211,Q,Q,Q,0.2311111111111111,E,0.1333333333333333,E,0.4088888888888889,E,2.0675342826959926,1.8646998690198608,1.6044759803864477,211,Q,211,Q,211,Q,-0.7699999999999999,-0.5189911111111112,-0.24399210526315793
212,A,S,R,0.5813953488372093,E,0.5912408759124088,E,0.4903225806451612,E,1.843417794397972,0.470936619875656,1.5892064105624872,212,A,212,R,212,S,-0.018862105263157906,-1.41126,-0.21218805555555556
213,V,F,L,0.0804597701149425,E,0.1293532338308457,E,0.0583333333333333,E,1.3970624611220153,0.6827132757274638,1.0067379305582524,213,V,213,L,213,F,-0.9776326315789473,-0.7337294117647059,-1.4961647058823528
214,I,V,V,0.4923857868020304,-,0.4655172413793103,-,0.5574712643678161,-,1.5021220314482029,0.3842852665556939,1.2299504926098894,214,I,214,A,214,V,-0.44028947368421045,-0.08293214285714287,-0.4842161111111111
215,P,P,P,0.0880503144654088,-,0.0754716981132075,-,0.1069182389937107,-,1.1886233889361617,0.5126489769616582,0.6778844723917068,215,P,215,P,215,P,-1.2162285714285714,-4.777705882352941,-2.5835341176470585
216,N,S,K,0.5282051282051282,-,0.597457627118644,-,0.3806451612903225,-,1.105448585949435,0.554216131099501,0.7937502130907074,216,N,216,K,216,S,-0.2013346153846154,-1.13640625,-0.3463323529411765
217,I,P,I,0.2284263959390862,-,0.3451776649746192,-,0.270440251572327,-,1.4866664751364298,0.6196357553188792,1.6720718358054836,217,I,217,I,217,P,-1.6225941176470589,-0.9142117647058824,-0.529828125
218,G,G,A,0.25,S,0.3720930232558139,-,0.2403846153846154,-,1.8239045073300728,0.5043292829353007,1.8974082935824172,218,G,218,A,218,G,-1.990346875,-2.23514375,-1.486138888888889
219,S,A,T,0.5419354838709678,-,0.7790697674418605,-,0.7131782945736435,-,3.040013990682787,0.8740363736572654,2.5943524044406168,219,S,219,T,219,A,-0.4151836842105263,-0.03516933333333334,-0.72489
220,R,R,R,0.22992700729927,-,0.1788321167883211,-,0.2335766423357664,-,3.1175823900964805,0.8978667636725752,2.6707314510633866,220,R,220,R,220,R,-1.2320063157894736,-5.449428571428571,-3.4437599999999997
221,P,P,S,0.6918238993710691,-,0.5935483870967742,-,0.660377358490566,-,2.5788164804290648,0.7609744177964566,2.6614772188601923,221,P,221,S,221,P,-1.8858598947368421,-3.1737923076923074,-1.7513066666666668
222,R,Q,K,0.5620437956204379,-,0.635593220338983,-,0.6355555555555555,-,1.6157204221834334,0.888496471332157,2.138126540245575,222,R,222,Q,222,Q,-1.1461736842105263,-0.19204882352941177,-0.71470625
223,I,V,V,0.3147208121827411,B,0.3103448275862069,S,0.3793103448275862,B,1.972206516879192,0.4573112736641094,2.392308798268216,223,V,223,V,223,V,-1.1278842105263158,-2.007377777777778,-1.100014375
224,R,N,N,0.4014598540145985,T,0.6051282051282051,S,0.5128205128205128,T,1.531234194657708,1.3649321729871629,2.275424314079445,224,R,224,N,224,N,-2.211515789473684,-0.9682171428571429,-0.38989999999999997
225,N,G,G,0.6410256410256411,T,0.5961538461538461,S,0.4903846153846153,T,0.5407874641854734,1.1784556059355435,1.6194061085486615,225,D,225,G,225,G,-2.068111111111111,-1.6049735294117649,-1.6648285714285715
226,I,L,Q,0.116751269035533,B,0.1555555555555555,-,0.2338308457711442,B,0.7655628959450668,0.5283146030364002,0.892977188894009,226,I,226,Q,226,L,-4.439473684210526,-4.185941176470588,-2.1507529411764708
227,P,S,S,0.1320754716981132,-,0.1032258064516129,-,0.1290322580645161,-,1.082305143626371,0.468977719917007,1.320131938021428,227,P,227,R,227,S,-0.7309815789473685,-1.60430875,-0.7010176470588236
228,S,G,G,0.0774193548387096,-,0.0,-,0.0,-,0.7772881801993721,0.6201826880504637,0.7423667483299115,228,S,228,G,228,G,-4.44971052631579,-5.1110375,-3.8054
229,R,R,R,0.1094890510948905,E,0.2080291970802919,E,0.156934306569343,E,1.125814207074275,0.3053343950459626,0.8978454313379463,229,R,229,R,229,R,-1.9780473684210527,-5.679,-4.2565625
230,I,I,M,0.0,E,0.0,E,0.0,E,0.8924652115971373,0.2373099752609078,0.6860288595743739,230,I,230,M,230,I,-3.842521052631579,-3.7128615384615387,-2.511368947368421
231,S,D,D,0.0516129032258064,E,0.1295336787564766,E,0.2435233160621761,E,0.4959360474144865,0.3695519183159548,0.4612749116746428,231,S,231,D,231,D,-0.6552394736842105,-0.5929333333333333,-0.728186875
232,I,F,F,0.0,E,0.0,E,0.0,E,0.7069519672594005,0.6580051439611131,0.5589809150350781,232,I,232,F,232,F,-3.841032631578947,-3.390549375,-1.6435107142857144
233,Y,H,F,0.1939163498098859,E,0.0958333333333333,E,0.0758928571428571,E,0.2102440925486788,0.5706409648752895,0.5002826694153522,233,Y,233,F,233,H,-2.4239215789473683,-1.3245755555555556,-1.6391222222222224
234,W,W,W,0.1894736842105263,E,0.1789473684210526,E,0.1578947368421052,E,0.4622652228734373,0.4576701445415387,0.6813073774081109,234,W,234,W,234,W,-3.0899684210526317,-4.79751875,-3.0135941176470586
235,T,L,T,0.0290697674418604,E,0.0930232558139534,E,0.0298507462686567,E,1.6748597310975917,0.8890135452705691,0.8271796135337743,235,T,235,T,235,L,-2.9535736842105265,0.2278,-0.7106184210526315
236,I,M,I,0.299492385786802,E,0.2233502538071066,E,0.2410714285714285,E,1.3779725937074696,0.738534111863545,0.7738037905910354,236,I,236,I,236,M,-2.1686506842105264,-0.91643125,-0.010653888888888883
237,V,L,L,0.0,E,0.0,E,0.0,E,1.2055810461381635,0.7118761898947911,0.7371666578911832,237,V,237,L,237,L,-4.034005263157895,-3.4835000000000003,-3.827338888888889
238,K,N,K,0.4491525423728814,-,0.5338983050847458,-,0.3179487179487179,P,1.3093129141206994,0.7896595914085723,0.7244287663996581,238,K,238,K,238,N,-0.23612631578947366,,0.1297005263157895
239,P,P,P,0.3459119496855345,T,0.2515723270440251,T,0.3144654088050314,T,1.7702629345516316,1.5171252436853422,0.5961675116696807,239,P,239,P,239,P,-1.4663576315789473,-0.04796466666666667,-0.06280972222222221
240,G,N,N,0.4423076923076923,T,0.7128205128205128,T,0.6153846153846154,T,1.6259159329583417,2.160002799452422,1.6214891017391946,240,G,240,D,240,N,-1.4312928947368422,-0.16187071428571428,-1.3242947368421052
241,D,D,D,0.0725388601036269,-,0.1502590673575129,-,0.0984455958549222,-,0.9508707715585428,1.0684630979601604,0.9317223707553692,241,D,241,D,241,D,-4.037921052631579,-4.2534,-1.5386176470588233
242,I,T,A,0.3045685279187817,E,0.2015503875968992,E,0.2790697674418604,E,0.5389606430331533,0.5324284774746477,0.4402545480153063,242,I,242,A,242,T,-0.2905478947368421,-0.5828633333333334,-1.2674533333333333
243,L,V,I,0.0,E,0.0050761421319796,E,0.0,E,0.9271982753097172,0.76638990513,0.2357480628099437,243,L,243,I,243,V,-3.8257365789473687,-4.05264375,-3.147572222222222
244,L,T,N,0.2786069651741293,E,0.4205128205128205,E,0.2674418604651162,E,0.2260043119526175,0.2912036205780028,0.4446253821033606,244,L,244,H,244,T,-0.8096457894736842,-1.4080736666666667,-0.6086276470588236
245,I,F,F,0.0,E,0.0375,E,0.0,E,0.1460740262306813,0.299116452492524,0.2151673097128761,245,I,245,F,245,F,-3.9191563157894738,-3.8775066666666667,-3.5767333333333338
246,N,S,E,0.3128205128205128,E,0.242152466367713,E,0.1870967741935484,E,0.9030441747989366,0.4035938774159836,1.0550997955526609,246,N,246,E,246,S,-4.572578947368421,-1.01623375,-0.523326111111111
247,S,F,S,0.0,E,0.0,E,0.0041666666666666,E,0.7071796883834466,0.3582801024900893,0.6120740219832974,247,S,247,S,247,F,-3.1316315789473683,-3.566576923076923,-1.989911111111111
248,T,N,N,0.2209302325581395,S,0.1025641025641025,S,0.1128205128205128,S,1.4763979981137934,0.701683351441556,0.7979766997822757,248,T,248,N,248,N,-4.6741052631578945,-1.4754611764705883,-1.3756706250000001
249,G,G,G,0.0,S,0.0,S,0.0,S,0.6585897974938282,0.6581877664548939,0.2443401054660515,249,G,249,G,249,G,-4.217578947368421,-5.596357142857143,-4.526626315789474
250,N,A,N,0.0,-,0.0,S,0.0077519379844961,S,0.6846530934972187,0.6250821019260583,0.3745645399833296,250,N,250,N,250,A,-4.034873684210527,-4.583323076923077,-2.534529411764706
251,L,F,F,0.0,E,0.0041666666666666,E,0.0083333333333333,E,0.5736904153933589,0.8389761917423054,0.2956187496839123,251,L,251,F,251,F,-3.093527272727273,-3.662693333333333,-3.1054431578947366
252,I,I,I,0.0,E,0.0,E,0.0,E,0.2776032449948791,0.7371528268919578,0.4910583151526604,252,I,252,I,252,I,-3.8979605263157895,-4.605546666666667,-3.3597125
253,A,A,A,0.0,E,0.0,E,0.0,E,0.338214474717823,0.5871127402006798,0.3840446780732861,253,A,253,A,253,A,-4.445252631578947,-2.5343356249999998,-2.142361111111111
254,P,P,P,0.0062893081761006,E,0.0,E,0.0125786163522012,E,0.4298441922821417,0.8448032526271777,0.4763665836240346,254,P,254,P,254,P,-4.849157894736842,-5.108117647058823,-3.0289970588235295
255,R,D,E,0.2226277372262773,-,0.0717488789237668,S,0.2487046632124352,S,0.1712700423505007,1.095497537630305,1.0185969835621722,255,R,255,E,255,D,-2.1479263157894737,-0.16347133333333333,-1.304461111111111
256,G,R,Y,0.0096153846153846,E,0.2091254752851711,E,0.2518248175182482,E,2.6329196935989128,1.7821586620437404,1.4791025884293956,256,G,256,Y,256,R,-4.890421052631579,-0.7413375,-0.5556820000000001
257,Y,A,A,0.0456273764258555,E,0.0,E,0.0,E,1.23180937503237,1.0171537311382206,1.4676863699579468,257,Y,257,A,257,A,-3.6155052631578943,-4.711966666666666,-1.607490625
258,F,S,Y,0.0208333333333333,E,0.0228136882129277,E,0.0129032258064516,E,0.5012717174091971,0.8110012713467304,1.1578079143100692,258,F,258,Y,258,S,-3.3827210526315787,-3.4174375,-1.3753323529411765
259,K,F,K,0.1694915254237288,E,0.0847457627118644,E,0.0083333333333333,E,1.0446898300590517,0.3336347528826171,1.082495757100177,259,K,259,K,259,F,-0.5799857894736842,-1.364455,-0.88429
260,I,L,I,0.2182741116751269,-,0.065989847715736,E,0.2985074626865671,E,1.721452328547913,2.7438549608958724,2.096541966952171,260,I,260,I,260,L,-1.0829894736842105,-2.7872857142857144,0.12810529411764704
261,R,R,V,0.437956204379562,-,0.3160919540229885,-,0.3832116788321167,-,3.21950875184407,5.063352055453435,2.9500045658939373,261,R,261,V,261,R,-0.42744166666666666,-0.8237766666666667,-0.03569352941176471
262,S,G,K,0.7612903225806451,-,0.3983050847457627,-,0.4134615384615384,S,4.130050237667678,5.311905583775623,1.7410048000333322,262,S,262,K,261a,G,-0.018519999999999995,-3.1297352941176473,-0.5457352631578947
263,G,K,K,0.4326923076923077,S,0.3347457627118644,B,0.6991525423728814,-,3.0533913672747097,3.047212455425901,4.419803107240806,263,G,262a,K,263,K,-0.05529052631578948,-1.1095717647058823,0.10676791666666667
264,K,-,G,0.5423728813559322,S,0.1442307692307692,-,,,3.170261815308717,,,264,K,263,G,,,-0.20058157894736842,-3.678453333333333,
264a,-,,D,,,0.4974093264248704,-,,,,,,,,264,D,,,,-3.114916666666667,
265,S,S,S,0.0709677419354838,-,0.1032258064516129,-,0.0774193548387096,-,2.679460401299931,2.1848718705513286,4.6378490357095705,265,S,265,S,264,S,-1.994721052631579,-4.706355833333333,-3.975158823529412
266,S,M,A,0.0580645161290322,E,0.1007751937984496,-,0.0491071428571428,E,2.317553390514,2.808812154093509,4.387326340034336,266,S,266,T,265,M,-0.9983,-2.9165,-0.43640277777777775
267,I,G,I,0.0406091370558375,E,0.1522842639593908,E,0.048076923076923,E,1.5077403419409148,2.0488513879450214,3.3212980399750416,267,I,267,I,266,G,-2.208784210526316,-3.971942857142857,-1.4276823529411766
268,M,I,V,0.03125,E,0.0459770114942528,E,0.0203045685279187,E,0.6499579848653787,1.7498131846144411,1.9636571033276389,268,M,268,M,267,I,-2.725468947368421,-4.5784625,-2.9093176470588236
269,R,Q,K,0.4306569343065693,E,0.3686440677966102,-,0.0266666666666666,E,0.398277397595027,1.6462578904120575,1.9068173043933156,269,R,269,K,268,Q,-0.033931052631578945,-0.3019726666666667,-2.2419875
270,S,S,S,0.0516129032258064,-,0.032258064516129,-,0.0193548387096774,-,0.7573161926095537,1.0776226327854188,0.3993094947115121,270,S,270,S,269,S,-3.6205052631578942,-2.2312426666666667,-2.3882882352941173
271,D,G,E,0.5181347150259067,-,0.7937219730941704,-,0.6634615384615384,S,0.9846879714017251,0.2177127456586414,1.1349888359575453,271,D,271,G,270,G,-1.6220594736842107,-0.10620642857142858,-0.13478600000000002
272,A,V,V,0.0852713178294573,P,0.2183908045977011,P,0.160919540229885,S,1.448375374858187,0.9562241721236524,1.0118379638975457,272,A,272,V,271,V,-0.866042,-0.6123423076923078,-0.18894292307692304
273,P,Q,E,0.440251572327044,P,0.3901345291479821,P,0.6977777777777778,-,1.963774022062165,0.6663754095723504,1.4284375632527784,273,P,273,E,272,Q,-0.6715755555555556,-0.235102,-0.3269875
274,I,V,Y,0.2588832487309644,E,0.0760456273764258,E,0.3275862068965517,E,1.5451802030728328,0.5888064221363946,0.977794740319084,274,I,274,Y,273,V,-2.202284210526316,-1.590435294117647,0.052529624999999996
275,G,D,G,0.048076923076923,E,0.125,E,0.1658031088082901,E,1.2610106762818367,1.013241508256754,0.623905664643561,275,G,275,G,274,D,-0.5228115789473684,-0.14719285714285713,-0.7003961538461538
276,K,A,N,0.8220338983050848,E,0.358974358974359,E,0.4651162790697674,T,2.549310025966632,2.3849626384157494,0.455417496679768,276,K,276,H,275,A,0.03607263157894736,-0.11806875,-0.061219333333333334
277,C,N,C,0.2035928143712574,E,0.1676646706586826,E,0.6923076923076923,T,2.3636641907084046,2.0227498021623647,3.5914275920024545,277,C,277,C,276,N,-3.7943944444444444,-5.475470588235294,-0.1939833333333333
278,N,C,N,0.5794871794871795,E,0.4974358974358974,E,0.1377245508982036,-,2.4788659320223085,2.6565686277654663,4.822027258810829,278,K,278,N,277,C,-0.03155368421052631,-0.20205533333333334,-2.5146333333333333
279,S,E,-,0.1354838709677419,-,,,0.2645739910313901,-,,2.0532081032888785,,279,S,,,278,E,-0.37352526315789475,,0.00026058823529412193
280,E,G,T,0.3408071748878923,S,0.063953488372093,E,0.0769230769230769,-,1.5964718967019074,2.150780297615279,1.5237234758996148,280,E,279,T,279,G,0.23658,-1.8713,-4.109158823529412
280a,-,D,K,,,0.4406779661016949,S,0.3989637305699481,S,,,2.510038751758269,,,280,K,280,D,,-0.30843928571428575,0.027306875000000008
281,C,C,C,0.0,E,0.0359281437125748,E,0.0,E,1.267690938074195,2.1573680648331868,2.242680206718961,281,C,281,C,281,C,-4.3437777777777775,-5.775529411764706,-4.763625
282,I,Y,Q,0.0,E,0.0,E,0.0,E,0.8865286125482259,1.8295040422203408,2.362435870616981,282,I,282,Q,282,Y,-1.782157894736842,-5.147555555555556,-3.180728125
283,T,H,T,0.0,E,0.005813953488372,E,0.0848214285714285,E,0.5268231730106369,1.9873793953811416,2.495724744346665,283,T,283,T,283,H,-2.614946875,-4.803268125,-1.1914714285714285
284,P,S,P,0.1257861635220125,T,0.0880503144654088,T,0.2,T,0.874915201498915,1.7012843212844186,2.339484553397246,284,P,284,P,284,S,-2.9442875,-1.8591282352941174,-0.6259333333333333
285,N,G,I,0.3641025641025641,T,0.3451776649746192,T,0.2403846153846154,T,1.193846047221384,1.483503560730176,1.731934648356994,285,N,285,V,285,G,0.00922315789473682,-0.49793454545454546,-0.17341875
286,G,G,G,0.0,E,0.0,E,0.0,E,0.9762897298316546,0.8729928612478383,1.819091199732576,286,G,286,G,286,G,-4.8521052631578945,-5.563789473684211,-4.767941176470589
287,S,T,A,0.0064516129032258,E,0.0155038759689922,E,0.0,E,0.8953243939507273,1.1782396176604926,1.909423118393892,287,S,287,A,287,T,-3.6228815789473683,-4.7098555555555555,-4.182533333333334
288,I,I,I,0.0050761421319796,E,0.0710659898477157,-,0.0,-,1.812808493856144,1.5131076282039726,2.712672138562149,288,I,288,I,288,I,-3.3211305263157898,-4.195547058823529,-3.9392411764705884
289,P,I,N,0.3396226415094339,-,0.7435897435897436,-,0.4111675126903553,-,2.819366738458366,1.3675933157966111,2.711274741566087,289,P,289,N,289,I,0.07859736842105264,-0.5565966666666667,-0.09213947368421053
290,N,S,S,0.241025641025641,-,0.3161290322580645,-,0.0709677419354838,-,3.044722917473768,2.338304884757658,2.0523494451596185,290,N,290,S,290,S,-0.003931052631578945,-0.9832864705882353,-0.608909705882353
291,D,N,S,0.3264248704663212,S,0.7548387096774194,-,0.5384615384615384,-,0.9914500943050488,0.8153502880403357,0.9666277318140584,291,D,291,S,291,N,-0.11924263157894735,-0.49306625000000004,-0.14208105263157897
292,K,L,M,0.173728813559322,S,0.28125,-,0.1243781094527363,-,1.2917945764950072,0.400772985621744,1.265242852620736,292,K,292,M,292,L,-1.3761736842105263,-0.7813588235294118,-1.5334999999999999
293,P,P,P,0.1194968553459119,S,0.0440251572327044,S,0.0880503144654088,S,1.3845001035870368,0.5884878117504508,1.1111646378404372,293,P,293,P,293,P,-2.8643527777777775,-4.4743764705882345,-3.7120125
294,F,F,F,0.05,E,0.0291666666666666,E,0.0375,E,1.4424401974959036,0.645992596178003,1.2813312110396171,294,F,294,F,294,F,-3.81395,-5.437055555555556,-4.57975
295,Q,Q,H,0.0,E,0.0044642857142857,E,0.0177777777777777,E,1.488816426354988,0.382532720901158,1.7076641890950237,295,Q,295,H,295,Q,-4.171331578947369,-4.160723529411764,-4.24740625
296,N,N,N,0.2205128205128205,-,0.2,-,0.1948717948717948,-,1.6781460929084482,0.9412289063944376,1.6169447692779506,296,N,296,N,296,N,-1.864868947368421,-3.396115384615385,-2.4488794444444446
297,V,I,I,0.1436781609195402,S,0.116751269035533,S,0.2284263959390862,S,1.4567154733215784,1.010128573278365,2.1094726259182583,297,V,297,I,297,I,-2.9762429411764706,-4.78520625,-3.3546111111111108
298,N,D,H,0.1076923076923077,-,0.1875,-,0.1658031088082901,-,1.4416378534239345,0.9840633166380612,1.763359174367476,298,N,298,H,298,D,-2.088492105263158,-1.4374916666666668,-0.467994375
299,R,S,P,0.2773722627737226,S,0.4528301886792453,S,0.2967741935483871,T,1.5913123360522403,1.6341437395134244,1.6924946368505989,299,R,299,P,299,S,-1.837078947368421,-0.919321111111111,0.08575111111111111
300,I,R,L,0.1624365482233502,-,0.4427860696517413,S,0.1715328467153284,T,0.9552082048524676,2.2850903227208663,1.693218835584689,300,I,300,L,300,R,-0.8264405263157895,-1.0586561111111112,-4.551842105263158
301,T,A,T,0.1220930232558139,-,0.0755813953488372,-,0.1240310077519379,-,1.3979587016799848,2.4945362883544204,1.3965564459869473,301,T,301,T,301,A,-0.62745,-1.23593,-0.9175249999999999
302,Y,V,I,0.0114068441064638,B,0.0913705583756345,E,0.0517241379310344,E,1.722435800161031,3.1847293125912373,1.7940568534465549,302,Y,302,I,302,V,-2.7774405263157895,-3.789,-0.7365483333333334
303,G,G,G,0.0,E,0.2403846153846154,E,0.0096153846153846,E,1.9988503714440609,2.853391957675134,1.885030525065416,303,G,303,G,303,G,-4.724473684210526,-5.750529411764706,-4.777368421052631
304,A,K,E,0.1007751937984496,E,0.3991031390134529,S,0.2245762711864407,S,2.419099537461142,2.546862949860656,1.7277844221516674,304,A,304,E,304,K,-0.09657473684210525,-0.907621875,0.011084375000000004
305,C,C,C,0.0419161676646706,E,0.0778443113772455,-,0.1017964071856287,-,1.3555757839396825,1.6336418075420704,1.250814378489474,305,C,305,C,305,C,-4.843736842105264,-5.8580625,-4.771941176470588
306,P,P,P,0.0125786163522012,P,0.1635220125786163,-,0.0314465408805031,P,1.2008023365795584,1.1182056024034852,0.990346171450972,306,P,306,P,306,P,-3.8356789473684207,-4.780966666666667,-2.9152473684210527
307,R,R,K,0.2007299270072992,E,0.1271186440677966,E,0.2737226277372263,E,1.762958364417654,1.332772309584377,1.1785101391527515,307,R,307,K,307,R,0.2222757894736842,-4.121705882352941,-2.271956842105263
308,Y,Y,Y,0.2167300380228136,E,0.2167300380228136,E,0.2395437262357414,E,1.518357512429463,1.0075806647306096,1.6197149069327317,308,Y,308,Y,308,Y,-4.252402105263158,-5.67223076923077,-3.7490438888888886
309,V,V,V,0.0,-,0.0,-,0.0,-,2.068680943468576,1.0000448464171094,1.823569113375534,309,V,309,V,309,V,-3.465784210526316,-4.556721428571429,-4.204063157894737
310,K,K,K,0.5,S,0.4915254237288136,-,0.4788135593220339,S,2.8013718440655544,1.06489524097091,2.929630722744126,310,K,310,K,310,K,-0.8627821052631578,-2.7632625,-0.3739094444444444
311,Q,Q,S,0.1377777777777777,-,0.0193548387096774,-,0.1422222222222222,-,2.303519313512977,0.9526955113175885,2.165157712451193,311,Q,311,S,311,Q,-0.7102662105263158,-2.8177733333333332,-0.5627075
312,S,R,N,0.4774193548387097,S,0.717948717948718,S,0.6204379562043796,S,2.642178889744351,0.8501299472651849,2.2750130423698685,312,S,312,N,312,R,-0.2781342105263158,-0.091318,0.04486058823529412
313,T,S,K,0.4069767441860465,-,0.3135593220338983,-,0.3161290322580645,-,2.184250862977529,0.7644108726329335,1.8325594215366372,313,T,313,K,313,S,-2.4159052631578946,-1.1501125,-2.8877105263157894
314,L,L,L,0.0248756218905472,-,0.0099502487562189,-,0.0497512437810945,-,1.606234595538133,0.992933743557314,1.7159084538050289,314,L,314,L,314,L,-4.105212105263158,-5.238411764705882,-3.9650763157894735
315,K,L,V,0.2796610169491525,E,0.132183908045977,E,0.2537313432835821,E,1.471155571413107,0.8424441131596411,1.379645157795046,315,K,315,V,315,L,-1.6981405263157896,-1.256253125,-1.809738125
316,L,L,L,0.0049751243781094,E,0.0199004975124378,E,0.0149253731343283,E,2.0433002735908654,0.5983551419976607,1.4801372623341722,316,L,316,L,316,L,-4.035221052631579,-5.069083333333333,-3.994978947368421
317,A,A,A,0.0,E,0.0155038759689922,E,0.0,E,2.344773555680269,0.4768913193442552,1.9316951466641887,317,A,317,A,317,A,-4.524847368421052,-3.766788333333333,-4.567505555555555
318,T,T,T,0.0930232558139534,-,0.0988372093023255,-,0.0406976744186046,-,2.502709969556446,0.4634492685083233,2.137343037088852,318,T,318,T,318,T,-2.062976842105263,-2.4562714285714287,-1.7504638888888888
319,G,G,G,0.0,S,0.0,S,0.0096153846153846,S,2.153938032080005,0.457834201467258,1.7670928215079231,319,G,319,G,319,G,-4.826421052631579,-5.7832,-4.622894736842105
320,M,M,L,0.0,P,0.0149253731343283,-,0.0,-,3.712162541560351,0.5770623950679293,3.5084424770754428,320,M,320,L,320,M,-4.732,-4.515169230769231,-4.7335
321,R,K,R,0.3357664233576642,B,0.2664233576642336,B,0.2711864406779661,B,4.278587513227613,0.7823167662501258,4.255205421945713,321,R,321,R,321,K,-3.1860250000000003,-4.7988,-3.403570588235294
322,N,N,N,0.041025641025641,P,0.0256410256410256,-,0.0,-,4.039415834895385,0.7084852249593575,4.031103721379728,322,N,322,N,322,N,-4.855526315789473,-2.51681875,-4.714736842105263
323,V,V,S,0.132183908045977,-,0.6064516129032258,-,0.132183908045977,-,6.073061828062114,0.7642105095149214,6.334160105026069,323,V,323,S,323,V,-1.3845310526315788,-0.3901,-0.9984947368421052
324,P,P,P,0.4025157232704403,-,1.018867924528302,-,0.320754716981132,-,5.167905124918259,0.7590047099945632,5.216937698365832,324,P,324,P,324,P,-1.1673957894736844,-0.24311333333333335,-0.5629952631578947
325,E,E,-,0.57847533632287,-,,,0.6098654708520179,-,,0.7485142658379262,,325,E,,,325,E,-0.6310894736842105,,-1.097271111111111
330,G,-,-,0.4423076923076923,-,,,,,,,,330,G,,,,,-4.318105263157895,,
331,I,L,-,0.6548223350253807,-,,,0.6567164179104478,-,,2.087836003450109,,331,I,,,331,L,-3.885403529411765,,-3.7022444444444442
332,F,F,-,0.425,S,,,0.5125,-,,2.064871498603571,,332,F,,,332,F,-4.110236842105263,,-4.028547368421052
333,G,G,-,0.2692307692307692,S,,,0.2019230769230769,S,,3.051685637270505,,333,G,,,333,G,-4.0993157894736845,,-3.972052631578947
334,A,A,-,0.0,T,,,0.1937984496124031,-,,2.2187507412328342,,334,A,,,334,A,-4.407263157894737,,-4.369764705882353
335,I,I,-,0.0304568527918781,B,,,0.0050761421319796,S,,0.9604624651095964,,335,I,,,335,I,-3.9950668421052633,,-3.9791052631578943
336,A,A,-,0.3333333333333333,T,,,0.4341085271317829,S,,0.7730894160877849,,336,A,,,336,A,-4.734578947368421,,-4.601473684210526
337,G,G,-,0.3653846153846153,T,,,0.375,S,,0.4873816953922787,,337,G,,,337,G,-4.857368421052632,,-4.7829999999999995
338,F,F,-,0.25,T,,,0.2541666666666666,S,,0.6596983951705028,,338,F,,,338,F,-4.613421052631579,,-3.647888888888889
339,I,I,I,0.0304568527918781,B,0.5532994923857868,-,0.0304568527918781,S,0.9852422382475132,0.3571498737590736,1.301778065947884,339,I,339,I,339,I,-4.227494736842106,-5.455357142857143,-4.680181818181818
340,E,E,E,0.6905829596412556,-,0.6860986547085202,-,0.6591928251121076,-,0.7327430933759044,0.2732164707413795,0.96884301809732,340,E,340,E,340,E,-4.778368421052631,-5.1260625,-4.693733333333333
341,N,N,G,0.2205128205128205,-,0.1923076923076923,-,0.2871794871794871,-,0.9844624303839944,0.293949347400838,1.2601267594772785,341,N,341,G,341,N,-2.924526315789474,-3.062294117647059,-3.4346000000000005
342,G,G,G,0.0,-,0.1923076923076923,-,0.0,-,0.5076169489664649,0.3781037309075312,0.7617993582316183,342,G,342,G,342,G,-4.844157894736842,-5.590882352941176,-4.65921052631579
343,W,W,W,0.0807017543859649,B,0.1824561403508772,B,0.087719298245614,B,1.0027810091705585,0.3367872877467535,1.0505821738824253,343,W,343,W,343,W,-4.885052631578947,-5.5383125,-4.790684210526315
344,E,E,Q,0.3004484304932735,T,0.52,T,0.2825112107623318,T,1.632925534387976,0.2259422007312108,1.5199658416437734,344,E,344,Q,344,E,-1.8129842105263159,-0.504885,-1.2737368421052633
345,G,G,G,0.4423076923076923,T,0.2980769230769231,T,0.5192307692307693,T,1.6294401355033414,0.2012135721835656,1.6371721669017134,345,G,345,G,345,G,-4.842736842105263,-3.5732375,-4.604
346,M,L,M,0.0089285714285714,-,0.0044642857142857,-,0.0149253731343283,-,0.7985650986702892,0.076147577653836,0.7589088624840262,346,M,346,M,346,L,-4.410907894736842,-4.7929,-2.892647894736842
347,V,I,V,0.7471264367816092,-,0.6551724137931034,-,0.7411167512690355,-,0.8877518955411198,0.1297205020502258,0.8196751182890006,347,V,347,V,347,I,-0.5602975,-1.2973513333333335,-0.63464375
348,D,D,D,0.5647668393782384,S,0.5803108808290155,S,0.3989637305699481,S,1.1017418323755446,0.894213418564814,0.4043289691267774,348,D,348,D,348,D,-2.432936842105263,-1.4153214285714288,-1.0441957894736842
349,G,G,G,0.0865384615384615,-,0.0961538461538461,-,0.0673076923076923,-,0.5878772344446093,0.2371905880087699,0.6094233997657543,349,G,349,G,349,G,-4.8647368421052635,-5.634764705882353,-4.776882352941176
350,W,W,W,0.143859649122807,S,0.0982456140350877,S,0.0807017543859649,S,0.6023649509564694,0.1883405935353418,0.627075754402287,350,W,350,W,350,W,-4.830105263157895,-4.937941176470588,-4.7769375
351,Y,Y,Y,0.0,E,0.0,E,0.0,E,0.8121858312946058,0.2890668690443566,0.9116082320387348,351,Y,351,Y,351,Y,-4.657789473684211,-5.709,-4.556
352,G,G,G,0.0,E,0.0,E,0.0,E,0.8596319363833395,0.3465816686081832,1.0507307780001565,352,G,352,G,352,G,-3.7940789473684213,-5.5665000000000004,-3.50250625
353,F,F,Y,0.0166666666666666,E,0.0190114068441064,E,0.0083333333333333,E,0.8098447573316869,0.1980510047660994,0.9336186872113972,353,F,353,Y,353,F,-4.361881578947369,-5.10215,-4.072694444444444
354,R,R,H,0.2956204379562044,E,0.1919642857142857,E,0.22992700729927,E,0.6785274689932288,0.1857127622341931,0.7760740588110051,354,R,354,H,354,R,-3.1250105263157892,-2.301727333333333,-2.348027777777778
355,H,H,H,0.0892857142857142,E,0.0357142857142857,E,0.0491071428571428,E,0.8891989484000705,0.3342593623297445,0.7259155770710153,355,H,355,H,355,H,-3.549521052631579,-1.8316428571428571,-2.8529315789473686
356,Q,Q,S,0.5066666666666667,E,0.2580645161290322,E,0.44,E,1.027463888386607,0.1819224947102911,0.8795366421259999,356,Q,356,S,356,Q,-1.0408684210526318,-0.5919029411764706,-0.8287830555555556
357,N,N,N,0.0666666666666666,E,0.082051282051282,E,0.0974358974358974,-,0.8733891890201195,0.6628082294806232,0.8509994338727678,357,N,357,N,357,N,-3.9069421052631577,-5.414692307692307,-4.793111111111111
358,S,A,E,0.5612903225806452,T,0.273542600896861,T,0.6511627906976745,S,1.0983697544013258,0.9042152221367142,0.6967210394380603,358,S,358,E,358,A,-0.2219547368421053,-0.7319214285714286,-0.05660944444444443
359,E,Q,Q,0.5022421524663677,T,0.2977777777777777,T,0.52,S,0.7798871533139439,0.6672349665642583,0.885422821506746,359,E,359,Q,359,Q,-2.7215736842105263,-1.30795625,-1.0152625
360,G,G,G,0.3173076923076923,E,0.0576923076923076,E,0.375,-,0.6442470655437197,0.8135885549273641,0.8518503542986471,360,G,360,G,360,G,-4.819368421052632,-4.723642857142857,-4.651882352941176
361,R,E,S,0.7372262773722628,E,0.032258064516129,E,0.57847533632287,E,1.0101967642864769,1.242837460770571,1.3470124607331464,361,R,361,S,361,E,-0.27570105263157896,-0.688329411764706,-0.8848973684210527
362,G,G,G,0.2211538461538461,E,0.0961538461538461,E,0.1153846153846153,E,1.1926271382443807,0.6282187228635966,1.6932612090949837,362,G,362,G,362,G,-4.222526315789473,-1.2777829411764705,-3.4541111111111116
363,Q,T,Y,0.3066666666666666,E,0.3802281368821292,E,0.3023255813953488,E,1.182676957217717,0.3755142849954083,1.4194254671833963,363,Q,363,Y,363,T,-1.4683163157894736,-4.781085714285714,-1.0061573684210527
364,A,A,A,0.1705426356589147,E,0.1395348837209302,E,0.2480620155038759,E,0.710724765080714,0.4560839938564875,1.0278993352456312,364,A,364,A,364,A,-4.06061052631579,-3.3952321428571426,-3.332086666666667
365,A,A,A,0.1317829457364341,E,0.2480620155038759,E,0.1007751937984496,E,0.7481729957875721,0.217406774622412,0.9631295008064334,365,A,365,A,365,A,-4.028205263157894,-5.075725,-3.4850535714285718
366,D,D,D,0.0880829015544041,-,0.1347150259067357,-,0.077720207253886,E,0.836812260815484,0.2656372812159117,0.8475709631144132,366,D,366,D,366,D,-3.817615789473684,-1.3842278000000001,-3.755722222222222
367,L,Y,K,0.7611940298507462,H,0.7796610169491526,H,0.4334600760456273,H,0.9124185800444656,0.4478569763299097,0.7080877897602816,367,L,367,K,367,Y,-1.1098497368421052,-1.01065,-1.555730588235294
368,K,K,E,0.635593220338983,H,0.547085201793722,H,0.5296610169491526,H,1.3561700992114978,0.6703792475468799,0.8113925558138556,368,K,368,E,368,K,-0.4856052631578947,-0.1203,-0.3646545454545454
369,S,S,S,0.0451612903225806,H,0.1225806451612903,H,0.0903225806451612,H,1.3374950237735783,0.5452415830339127,0.9060661930514308,369,S,369,S,369,S,-3.5479436842105265,-1.1841776923076923,-2.0303366666666665
370,T,T,T,0.0581395348837209,H,0.0872093023255814,H,0.0,H,0.8261479427718315,0.0780941641196625,0.8471870129040138,370,T,370,T,370,T,-4.586894736842105,-5.25666,-4.462194736842105
371,Q,Q,Q,0.36,H,0.3777777777777777,H,0.0266666666666666,H,1.2293264457864124,0.2746418276529186,1.0158168629803337,371,Q,371,Q,371,Q,-2.1793736842105265,-2.380772352941176,-0.6073976470588235
372,A,S,K,0.2403100775193798,H,0.4745762711864407,H,0.2387096774193548,H,1.720378234376938,0.332842202930879,1.4351269567768403,372,A,372,K,372,S,-0.6126236842105263,-0.5821547368421053,-0.3075731578947368
373,A,A,A,0.0,H,0.0,H,0.0,H,1.3487556422057485,0.2598927266345391,1.1143322068501518,373,A,373,A,373,A,-3.523510526315789,-5.153517777777777,-3.145221052631579
374,I,I,I,0.2081218274111675,H,0.2893401015228426,H,0.0101522842639593,H,1.1716031531180249,0.2584333653110484,0.9835274085823386,374,I,374,I,374,I,-1.4132263157894736,-2.12030625,-1.974949375
375,D,D,D,0.4559585492227979,H,0.4093264248704663,H,0.3626943005181347,H,1.4771397685830658,0.1527939907152383,1.3291435132257656,375,D,375,D,375,D,-1.1111526315789473,-0.9738777777777778,-0.759905625
376,Q,Q,G,0.3288888888888889,H,0.3461538461538461,H,0.3155555555555555,H,1.207473436463613,0.1378265769409209,1.0708449322065563,376,Q,376,G,376,Q,-0.6277463157894737,-3.004073684210526,-0.9812933333333334
377,I,I,V,0.0304568527918781,H,0.0229885057471264,H,0.0,H,0.2788233738135227,0.0589433716619568,0.2573381761872161,377,I,377,V,377,I,-3.9741055555555556,-4.554444444444445,-3.7860176470588236
378,N,T,T,0.358974358974359,H,0.313953488372093,H,0.1686046511627907,H,1.4318153593280991,0.3025772206021915,1.157717984688293,378,S,378,T,378,T,-1.989442105263158,-0.815296875,-0.7324305263157895
379,G,G,N,0.2980769230769231,H,0.441025641025641,H,0.3173076923076923,H,2.068591124672433,0.3378455579320348,1.8292529809606668,379,G,379,N,379,G,-0.8309421052631579,-2.287606666666667,-0.726619375
380,K,K,K,0.0466101694915254,H,0.1440677966101695,H,0.0677966101694915,H,0.3567922374322117,0.3042958202977056,0.2579254613099841,380,K,380,K,380,K,-4.076842105263158,-5.058,-3.903883333333334
381,L,L,V,0.1691542288557214,H,0.0229885057471264,H,0.0149253731343283,H,1.7077062809657373,0.8531566142723411,0.8658208408913619,381,L,381,V,381,L,-1.6506105263157895,-4.14419375,-1.9258617647058822
382,N,N,N,0.7435897435897436,H,0.3641025641025641,H,0.041025641025641,H,2.32615123035356,1.129394601825315,1.268959466356279,382,N,382,N,382,N,-0.9682842105263159,-1.5755744444444444,-1.8854375
383,R,R,S,0.4854014598540146,H,0.4258064516129032,H,0.5,H,0.3617861608634133,0.421436234898277,0.2814078898834639,383,R,383,S,383,R,-0.7021242105263158,-2.5938083333333335,-1.2546827777777778
384,L,L,I,0.0895522388059701,H,0.0964467005076142,H,0.0696517412935323,H,2.2800667115777107,1.5656565185634843,0.8287008045712537,384,L,384,I,384,L,-2.3610384615384614,-4.341436666666667,-3.270033333333333
385,I,I,I,0.2741116751269035,S,0.248730964467005,H,0.0812182741116751,S,3.010945569023464,1.9012341513896625,1.25085625029352,385,I,385,I,385,I,-1.9392666666666665,-2.9474736842105265,-2.8668842105263157
386,G,E,D,0.4519230769230769,S,0.4352331606217616,H,0.2959641255605381,-,4.580010176125687,4.0549186447544585,2.0944058888354578,386,G,386,D,386,E,-0.21933529411764704,-0.7319656250000001,-0.5274394736842105
387,K,K,K,0.461864406779661,-,0.7076271186440678,T,0.2796610169491525,-,4.926821647677212,3.756904047265874,6.03026936619602,387,K,387,K,387,K,-0.9381328571428572,-2.94654375,-0.9171411764705882
388,T,T,M,0.191860465116279,P,0.0758928571428571,T,0.1686046511627907,-,4.189294597464502,3.712638509150254,4.975623046152816,388,T,388,M,388,T,-1.2454874999999999,-5.061733333333334,-1.0919588888888887
389,N,N,N,0.4512820512820513,E,0.6358974358974359,T,0.3846153846153846,-,2.918859520191621,3.282118901025292,4.942024113444496,389,N,389,N,389,N,-2.7453307692307694,-1.14258125,-0.96612
390,E,Q,T,0.4484304932735426,E,0.4186046511627907,T,0.5066666666666667,-,5.451355149158947,3.610066492330031,4.632540369728567,390,E,390,T,390,Q,-0.35855,-2.512878125,-0.7729071428571429
391,K,Q,Q,0.3813559322033898,E,0.2755555555555555,-,0.2711111111111111,-,4.559852742143088,1.4018310416493585,5.660518213083225,391,K,391,Q,391,Q,-2.01473,-3.6883833333333333,-0.7344200000000001
392,F,F,F,0.1625,-,0.5291666666666667,-,0.5166666666666667,B,5.085588439334918,3.743304749458182,5.44727747307691,392,F,392,F,392,F,-2.5625416666666667,-4.154708333333334,-0.07461421052631581
393,H,E,E,0.2232142857142857,S,0.6188340807174888,-,0.3497757847533632,-,5.039572517410335,1.873044699862746,4.522321232721574,393,H,393,E,393,E,-1.2217586666666667,-2.7720944444444444,-0.14695066666666667
394,Q,L,A,0.2755555555555555,-,0.2558139534883721,-,0.0796019900497512,-,5.688491526607959,3.8812983641830665,5.6442178099573415,394,Q,394,A,394,L,-0.9282061538461538,-4.479176923076923,-2.1271028571428574
395,I,I,V,0.365482233502538,-,0.4080459770114942,-,0.4467005076142132,-,5.2121577886020285,2.0275746692784797,5.778030366532315,395,I,395,V,395,I,-1.9365315789473685,-1.447325,-1.9267153846153846
396,E,D,G,0.2017937219730941,-,0.2307692307692307,-,0.082901554404145,S,2.797505334013783,2.3033352666607323,4.6767794081762775,396,E,396,G,396,D,-2.6702178571428568,-3.637590588235294,-1.5597416666666666
397,K,N,R,0.097457627118644,-,0.4233576642335766,-,0.0717948717948717,-,4.650522903194037,6.753201592611564,3.118696063358116,397,K,397,R,397,N,-1.5337052631578947,-1.5499046666666667,-1.441495
398,E,E,E,0.5291479820627802,-,0.3049327354260089,-,0.3094170403587444,S,6.526405048762841,4.666153225959032,5.722336950935901,398,E,398,E,398,E,-1.7645457142857144,-3.4318470588235295,-1.799321052631579
399,F,F,F,0.2375,-,0.15,-,0.225,S,6.163373137022392,6.857861058137666,9.464266640196913,399,F,399,F,399,F,-1.549925,-5.425246153846154,-2.8585368421052633
400,S,N,N,0.6451612903225806,S,0.3076923076923077,-,0.4256410256410256,S,7.925228542165319,5.415078537401538,7.456737794930632,400,S,400,N,400,N,-0.40564666666666666,-2.9886435294117644,-0.6937866666666667
401,E,E,N,0.5739910313901345,S,0.5846153846153846,T,0.5515695067264574,P,5.824933199177469,4.3388844011600405,8.115250604310368,401,E,401,N,401,E,-0.8181878947368421,-0.07069823529411765,-0.6510869230769232
402,V,V,L,0.8390804597701149,-,0.7661691542288557,T,0.1091954022988505,P,7.410117239386308,7.924821357850801,8.85999805364519,402,V,402,L,402,V,-2.4285752631578945,-1.8135029411764707,-2.207007142857143
403,E,E,E,0.5246636771300448,-,0.3139013452914798,-,0.6905829596412556,P,3.442760582217008,3.960376412194487,2.7610458276376915,403,E,403,E,403,E,-1.76387,-5.846157894736842,-2.295412
404,G,K,R,0.2788461538461538,-,0.437956204379562,H,0.5805084745762712,H,1.0036029272003322,2.8663202589640004,1.8959694358070247,404,G,404,R,404,K,-0.4462236842105263,-2.769575833333333,-1.07436
405,R,Q,R,0.7846715328467153,H,0.7627737226277372,H,0.7333333333333333,H,0.3047327363770984,1.8771365409007232,1.8755883515825216,405,R,405,R,405,Q,-1.4532136842105263,-5.837133333333333,-0.6383749999999999
406,I,I,I,0.5431472081218274,H,0.4263959390862944,H,0.4568527918781725,H,0.3309716615092333,1.3950251306200636,1.3128641544242974,406,V,406,I,406,I,-2.7980063157894737,-4.08004375,-3.6258133333333333
407,Q,G,E,0.0622222222222222,H,0.3004484304932735,H,0.0961538461538461,H,0.127577977618988,1.031084866554498,1.0747127469391085,407,Q,407,E,407,G,-0.55784,-1.755124117647059,-2.1059916666666667
408,D,N,N,0.533678756476684,H,0.4512820512820513,H,0.5025641025641026,H,0.4180363133835237,0.919968341418144,0.8646369659313268,408,D,408,N,408,N,-0.8969473684210525,-0.9980861111111111,-0.19272781249999996
409,L,V,L,0.5124378109452736,H,0.5621890547263682,H,0.4137931034482758,H,0.1067519076258917,0.379725222577677,0.445456005896258,409,L,409,L,409,V,-4.032242105263158,-5.38564705882353,-3.370322222222222
410,E,I,N,0.242152466367713,H,0.1538461538461538,H,0.1015228426395939,H,0.2414077262091253,0.5511997532902309,0.6711858001126526,410,E,410,N,410,I,-1.4653684210526314,-2.76403125,-4.394647368421053
411,K,N,K,0.4533898305084746,H,0.4194915254237288,H,0.3743589743589743,H,0.2958854617844114,0.2004404930992829,0.49436215004226,411,K,411,K,411,N,-1.076763157894737,-2.7252,-0.6279335294117647
412,Y,W,K,0.6311787072243346,H,0.4449152542372881,H,0.6350877192982456,H,0.2689861871378514,0.4515268268657164,0.6880784258129653,412,Y,412,K,412,W,-3.792778947368421,-3.601058823529412,-4.201894736842105
413,V,T,M,0.4310344827586206,H,0.3616071428571428,H,0.3604651162790697,H,0.5031227544550432,0.5638639580737635,0.94753304167639,413,V,413,M,413,T,-3.3992068421052632,-4.422919230769231,-2.0545299999999997
414,E,R,E,0.0403587443946188,H,0.3408071748878923,H,0.156934306569343,H,0.6778584849372791,0.385327706573294,0.9825023565867314,414,E,414,E,414,R,-1.6567,-2.309588888888889,-4.076826315789473
415,D,D,D,0.3730569948186528,H,0.233160621761658,H,0.5025906735751295,H,0.3954146815513503,0.169531375427319,0.4177179668037827,415,D,415,D,415,D,-1.9604105263157894,-3.6916058823529414,-1.6532433333333334
416,T,S,G,0.3197674418604651,H,0.3269230769230769,H,0.3096774193548387,H,0.318824636171161,0.2946494883078521,0.5874459933604085,416,T,416,G,416,S,-1.936692105263158,-4.469935294117647,-2.47125
417,K,I,F,0.2754237288135593,H,0.4875,H,0.4416243654822335,H,0.2778467129768047,0.4942127432955654,0.525939196305973,417,K,417,F,417,I,-0.17541947368421051,-5.481111111111111,-3.5755
418,I,T,L,0.015228426395939,H,0.1144278606965174,H,0.0755813953488372,H,0.3845803649591237,0.6550477743412865,0.4022194738474979,418,I,418,L,418,T,-1.3631105263157894,-3.5687333333333333,-1.9747005882352942
419,D,E,D,0.3419689119170984,H,0.4974093264248704,H,0.4125560538116592,H,0.344269789512026,0.6915306612661059,0.3490952748169444,419,D,419,D,419,E,-3.152415789473684,-2.7423333333333333,-2.734647142857143
420,L,V,V,0.527363184079602,H,0.4310344827586206,H,0.4597701149425287,H,0.0679137267093142,0.3211651491758028,0.3457131250079978,420,L,420,V,420,V,-3.496997894736842,-4.813567894736842,-3.7895875
421,W,W,W,0.2736842105263158,H,0.2701754385964912,H,0.2596491228070175,H,0.2482211986472206,0.4456644023828006,0.4096701986023973,421,W,421,W,421,W,-4.746473684210526,-5.312117647058823,-4.444214285714286
422,S,S,T,0.0258064516129032,H,0.0930232558139534,H,0.0193548387096774,H,0.2061081770922623,0.6901598223695806,0.631885336905478,422,S,422,T,422,S,-3.6234842105263154,-5.278705882352941,-4.1945411764705876
423,Y,Y,Y,0.5285171102661597,H,0.5437262357414449,H,0.5513307984790875,H,0.2758745445763883,0.5309862239718315,0.5087965894800783,423,Y,423,Y,423,Y,-4.1539052631578945,-4.99255,-4.275777777777778
424,N,N,N,0.3692307692307692,H,0.3538461538461538,H,0.3179487179487179,H,0.3072237759612697,0.4698946047302544,0.3275406934958703,424,N,424,N,424,N,-2.9533526315789476,-5.124453333333333,-3.929823529411765
425,A,A,A,0.0,H,0.0387596899224806,H,0.0,H,0.2730863470722228,0.3620887618361776,0.5705618206340072,425,A,425,A,425,A,-3.6298657894736843,-4.531655555555556,-3.773
426,E,E,E,0.3094170403587444,H,0.336322869955157,H,0.3452914798206278,H,0.3892793195310892,0.2033225090352756,0.2909259625541864,426,E,426,E,426,E,-2.287233684210526,-4.455375,-1.865470588235294
427,L,L,L,0.3034825870646766,H,0.2835820895522388,H,0.3781094527363184,H,0.3196322973052011,0.2368343964486877,0.2134121310164747,427,L,427,L,427,L,-2.9434973684210526,-4.903294117647058,-3.1048999999999998
428,L,L,L,0.2039800995024875,H,0.3134328358208955,H,0.2487562189054726,H,0.3344874993380495,0.3099897245369545,0.2315371697508521,428,L,428,L,428,L,-1.8892184210526317,-3.8501785714285717,-3.3732941176470588
429,V,V,V,0.0057471264367816,H,0.0632183908045977,H,0.0402298850574712,H,0.2744192664185465,0.395339186339292,0.5054404519308192,429,V,429,V,429,V,-4.06738947368421,-4.7115625,-3.7810125
430,A,A,L,0.1085271317829457,H,0.2039800995024875,H,0.1007751937984496,H,0.2304920386415248,0.4123212274828191,0.5138711853183204,430,A,430,L,430,A,-1.3571263157894737,-5.1581875,-1.0042833333333334
431,L,M,M,0.5522388059701493,H,0.4196428571428571,H,0.3660714285714285,H,0.4678098419186463,0.2421005703766932,0.6049200002309778,431,L,431,M,431,M,-2.9148105263157893,-4.07876875,-3.4785714285714286
432,E,E,E,0.0896860986547085,H,0.147982062780269,H,0.0448430493273542,H,0.5544179625290984,0.1799130781689375,0.6960019799318257,432,E,432,E,432,E,-3.194552631578947,-4.180565789473684,-2.66621875
433,N,N,N,0.0,H,0.0,H,0.0,H,0.3062207521835497,0.2003517724033499,0.2584535283336889,433,N,433,N,433,N,-4.803368421052632,-5.22325,-4.574421052631579
434,Q,Q,E,0.1911111111111111,H,0.2331838565022421,H,0.1911111111111111,H,0.3964852683490339,0.3246463179132099,0.4051869251768299,434,Q,434,E,434,Q,-3.867005263157895,-2.8806950000000002,-3.089784210526316
435,H,H,R,0.4017857142857143,H,0.4270072992700729,H,0.4375,H,0.2837081998555531,0.2844395355825234,0.3018115951369061,435,H,435,R,435,H,-3.281447368421053,-3.8080000000000003,-2.6496750000000002
436,T,T,T,0.0,H,0.005813953488372,H,0.005813953488372,H,0.2688357438142418,0.2817806183490454,0.27690296205415,436,T,436,T,436,T,-4.694684210526316,-5.873277777777777,-3.383484210526316
437,I,I,L,0.0609137055837563,H,0.0149253731343283,H,0.0761421319796954,H,0.3515284236888804,0.4024062648560857,0.160675128103442,437,I,437,L,437,I,-4.0713684210526315,-5.1826,-3.944129411764706
438,D,D,D,0.1347150259067357,H,0.4145077720207253,H,0.1813471502590673,H,0.7691351439316937,0.2363386126470569,0.7108385668699087,438,D,438,D,438,D,-3.784936842105263,-1.619024375,-4.235
439,L,L,F,0.0398009950248756,H,0.2708333333333333,H,0.0398009950248756,H,0.2677892875269449,0.072714646068861,0.2466153625974805,439,L,439,F,439,L,-2.4619884210526317,-4.151689999999999,-3.023921428571428
440,T,A,H,0.005813953488372,H,0.0178571428571428,H,0.0077519379844961,H,0.5272260997174975,0.1059654825186591,0.4241926699776656,440,T,440,H,440,A,-3.5706473684210525,-5.633,-3.41705
441,D,D,D,0.0,H,0.3989637305699481,H,0.0103626943005181,H,0.5131050837373123,0.2200132732780782,0.481542155131522,441,D,441,D,441,D,-3.678215789473684,-0.6678583333333333,-2.8180588235294115
442,S,S,S,0.1354838709677419,H,0.3548387096774194,H,0.1290322580645161,H,0.3800486535244579,0.2348200463343133,0.4183626055239154,442,S,442,S,442,S,-1.3524075,-1.3535533333333334,-3.0057857142857145
443,E,E,N,0.0582959641255605,H,0.1076923076923077,H,0.0448430493273542,H,0.2738973147916969,0.1774945165181814,0.1510242543170734,443,E,443,N,443,E,-1.927678947368421,-2.5319277777777778,-2.0144705882352945
444,M,M,V,0.0,H,0.1206896551724138,H,0.0044642857142857,H,0.3324039343780632,0.2433573246241512,0.1644116779309096,444,M,444,V,444,M,-3.964057894736842,-4.479758823529412,-4.069172222222223
445,N,D,K,0.1589743589743589,H,0.5423728813559322,H,0.1347150259067357,H,0.4315634317819994,0.1498822828819567,0.3762218779032954,445,N,445,K,445,D,-0.5987453333333332,-3.172032777777778,-2.6246088235294116
446,K,K,N,0.461864406779661,H,0.4564102564102564,H,0.4830508474576271,H,0.5583581360040287,0.1574182578171901,0.6712051334974672,446,K,446,N,446,K,-2.353527272727273,-0.47314611111111116,-3.155358823529412
447,L,L,L,0.0248756218905472,H,0.0099502487562189,H,0.0398009950248756,H,0.4505961870361262,0.2703863576707494,0.6771671846721374,447,L,447,L,447,L,-4.170461111111111,-4.673649285714285,-3.9804333333333335
448,F,Y,Y,0.0166666666666666,H,0.0836501901140684,H,0.0152091254752851,H,0.3551298254931748,0.2067123044354356,0.4985544612553531,448,F,448,Y,448,Y,-3.14975,-4.825693333333334,-2.9046
449,E,E,D,0.3139013452914798,H,0.3678756476683937,H,0.3542600896860987,H,0.7372592088237397,0.5012089287137744,1.053144453110819,449,E,449,D,449,E,-1.1552526315789473,-0.6395526666666667,-0.86314125
450,K,R,K,0.4067796610169492,H,0.4491525423728814,H,0.2153284671532846,H,0.8132314553887283,0.3235944368755595,1.0773764688523249,450,K,450,K,450,R,-1.424197894736842,-0.7737706666666667,-1.5928988888888889
451,T,V,V,0.0116279069767441,H,0.0057471264367816,H,0.0,H,0.6053949826317312,0.2321250278843716,0.3988671029989215,451,T,451,V,451,V,-3.2650026315789473,-3.4589125,-3.5519
452,K,K,R,0.3728813559322034,H,0.4306569343065693,H,0.4025423728813559,H,0.4734762591661285,0.2492691455090728,0.2455446948142351,452,K,452,R,452,K,-2.130336842105263,-2.992948823529412,-1.7906117647058823
453,K,R,L,0.6101694915254238,H,0.6318407960199005,H,0.5802919708029197,H,0.4444030638160959,0.2014311982817506,0.2745765844269696,453,K,453,L,453,R,-1.2407210526315788,-1.4078884615384615,-2.3665157894736844
454,Q,Q,Q,0.1688888888888889,H,0.1288888888888889,H,0.0711111111111111,H,0.985663659995422,0.2822377887564112,1.2445830861892602,454,Q,454,Q,454,Q,-1.188294210526316,-0.7104285714285714,-1.369409375
455,L,L,L,0.0049751243781094,H,0.0099502487562189,T,0.0099502487562189,H,1.0601329310749914,0.2113585038606192,1.098150845570801,455,L,455,L,455,L,-4.450526315789474,-4.0638266666666665,-3.7485823529411766
456,R,R,R,0.4963503649635036,G,0.5656934306569343,T,0.4817518248175182,G,2.2448837894970093,0.0983822531630558,2.2728238310051507,456,R,456,R,456,R,-2.965921052631579,-0.8885557142857142,-4.7865625
457,E,E,D,0.336322869955157,G,0.3056994818652849,T,0.547085201793722,G,1.8699203090691925,0.3055513992659313,1.7749779879424583,457,E,457,D,457,E,-1.878828947368421,-2.236052941176471,-2.0871125
458,N,N,N,0.0,G,0.0,T,0.0,G,0.5085845522296233,0.3151228549147835,0.7261653550425982,458,N,458,N,458,N,-4.680473684210527,-4.4204684210526315,-4.569117647058824
459,A,A,A,0.0930232558139534,E,0.0465116279069767,E,0.1162790697674418,E,0.6993795271868941,0.3236225564763442,0.8265458775580288,459,A,459,A,459,A,-4.335336842105263,-3.9385970588235297,-3.5363470588235293
460,E,E,K,0.2959641255605381,E,0.3813559322033898,E,0.4484304932735426,E,1.4752523743921817,0.2829069605528774,1.4324733961081744,460,E,460,K,460,E,-4.5353157894736835,-0.6997814285714287,-4.6786
461,D,E,E,0.3160621761658031,E,0.3856502242152466,E,0.4663677130044843,E,0.6390246757481385,0.3965792469479018,0.3130864888928313,461,D,461,E,461,E,-2.4905157894736845,-4.174714285714286,-4.057810526315789
462,M,D,L,0.5089285714285714,-,0.2935323383084577,-,0.2642487046632124,-,0.2672598226478052,0.7350381047315677,0.8209230768556579,462,M,462,L,462,D,-2.1995368421052635,-0.71783,-3.7123529411764706
463,G,G,G,0.4711538461538461,S,0.5769230769230769,S,0.4519230769230769,S,0.4686441878514907,0.7244855542737002,0.988692573845761,463,G,463,G,463,G,-3.3946111111111112,-2.3109875,-1.7108938461538459
464,N,T,N,0.3282051282051282,S,0.2461538461538461,S,0.3430232558139535,S,0.4805930020156144,0.5613052371763869,0.8260372563342949,464,N,464,N,464,T,-3.185773684210526,-1.7694888888888889,-0.6844858823529412
465,G,G,G,0.0,S,0.0288461538461538,S,0.0,S,0.2359186763827044,0.2350171232225355,0.3665294584603595,465,G,465,G,465,G,-4.415947368421053,-4.628055555555555,-4.703777777777778
466,C,C,C,0.0778443113772455,E,0.0479041916167664,E,0.0479041916167664,E,0.3810803090351266,0.2515442568326185,0.3896484677858727,466,C,466,C,466,C,-4.867263157894737,-5.7687647058823535,-4.7588333333333335
467,F,F,F,0.0125,E,0.0041666666666666,E,0.0208333333333333,E,0.1721918161985765,0.3724436613334796,0.4589129298610335,467,F,467,F,467,F,-3.687694736842105,-4.037669444444444,-4.224210526315789
468,K,E,E,0.3559322033898305,E,0.2645739910313901,E,0.3721973094170404,E,0.7168467767341166,0.1233749481500688,0.6190811683003463,468,K,468,E,468,E,-1.3626894736842106,-0.5402942105263158,-2.111746666666667
469,I,I,F,0.0050761421319796,E,0.0083333333333333,E,0.0507614213197969,E,0.451653157545975,0.3541955125342738,0.4277090603594297,469,I,469,F,469,I,-4.265810526315789,-4.694194736842105,-3.5771133333333336
470,Y,F,Y,0.1368821292775665,-,0.1673003802281368,S,0.1666666666666666,S,0.6613029441389866,0.3704317659399836,1.0063508480009504,470,Y,470,Y,470,F,-3.9173263157894733,-1.5581382352941178,-4.081722222222222
471,H,H,H,0.0044642857142857,S,0.0133928571428571,S,0.0267857142857142,S,0.7655278644919982,0.3677843467352305,1.1249238137303703,471,H,471,H,471,H,-4.856947368421053,-5.484235294117647,-4.760588235294118
472,K,K,K,0.4788135593220339,-,0.559322033898305,-,0.5889830508474576,-,1.187733218578317,1.835700894872385,0.7420028668243047,472,K,472,K,472,K,-0.02498631578947368,-0.17092944444444444,-0.5147705882352941
473,C,C,C,0.0119760479041916,-,0.0,-,0.0059880239520958,-,0.7422370087114438,0.5594812081831458,0.3401947645937596,473,C,473,C,473,C,-4.816421052631579,-5.770473684210526,-4.696166666666667
474,D,D,D,0.2953367875647668,-,0.3160621761658031,-,0.3730569948186528,-,0.5613925633697937,0.3288179714254632,0.3710223324695334,474,D,474,D,474,D,-3.372905263157895,-0.7762223529411765,-1.53864
475,N,D,N,0.3897435897435897,H,0.2717948717948718,H,0.3523316062176165,H,0.6099259913517237,0.1454381073896479,0.5750861211700145,475,N,475,N,475,D,-1.003771052631579,-1.02448125,-0.3718907142857143
476,A,D,E,0.5968992248062015,H,0.7309417040358744,H,0.6373056994818653,H,0.7615249985193367,0.1176202480282542,0.7083172158764418,476,A,476,E,476,D,-0.28193,-0.10939906249999999,0.23858454545454544
477,C,C,C,0.0179640718562874,H,0.0119760479041916,H,0.0059880239520958,H,0.7011387608399193,0.1676138447681572,0.5380376334269429,477,C,477,C,477,C,-4.854842105263158,-5.740235294117647,-4.660928571428571
478,I,M,M,0.0,H,0.0,H,0.0,H,0.5133812535812698,0.233863299731611,0.4277916892962433,478,I,478,M,478,M,-3.9781,-4.489233333333334,-4.096264285714286
479,G,A,E,0.1634615384615384,H,0.4304932735426009,H,0.2093023255813953,H,0.6713628222117695,0.2526896115741462,0.5269052847178536,479,G,479,E,479,A,-0.340548947368421,-0.5698500000000001,-0.2699188888888889
480,S,S,S,0.1354838709677419,H,0.1032258064516129,H,0.1161290322580645,H,0.6351154390120133,0.1798691164917828,0.5790380321959548,480,S,480,S,480,S,-1.5003157894736843,-1.312291388888889,-1.20317875
481,I,I,V,0.0050761421319796,H,0.0057471264367816,H,0.0,H,0.6702139462164047,0.2678743428137679,0.7747096421891312,481,I,481,V,481,I,-4.448442105263157,-4.410608333333333,-4.300542105263158
482,R,R,R,0.3065693430656934,H,0.145985401459854,H,0.2080291970802919,H,0.8805893399619475,0.3019635943048617,1.0538075036832972,482,R,482,R,482,R,-1.1486086842105263,-1.4656117647058822,-1.793369375
483,N,N,N,0.6205128205128205,T,0.4102564102564102,S,0.5076923076923077,T,1.3649405557939531,0.7889823689321218,0.8711828144740391,483,N,483,N,483,N,-1.920063157894737,-1.0796942857142857,-1.0775482352941177
484,G,N,G,0.5,T,0.3173076923076923,S,0.5076923076923077,T,1.0223271724034648,0.4264661347966132,0.8579353167973504,484,E,484,G,484,N,-0.6166468421052632,-0.9114916666666666,-0.9862888888888889
485,T,T,T,0.5290697674418605,-,0.5581395348837209,-,0.5232558139534884,-,0.4980841182880504,0.5173053096354835,0.2445646009025966,485,T,485,T,485,T,-1.7597473684210527,-0.7121677894736842,-0.49914000000000003
486,Y,Y,Y,0.0646387832699619,-,0.0722433460076045,-,0.0570342205323193,-,0.5386909185059638,0.3909448539881509,0.319580637833714,486,Y,486,Y,486,Y,-4.873578947368421,-5.860235294117647,-4.636
487,D,D,D,0.4352331606217616,-,0.4196891191709844,-,0.3471502590673575,-,0.4641324419801342,0.4989449780520787,0.9399387558880368,487,D,487,D,487,D,-2.3026578947368423,-0.75268125,-0.9238578947368421
488,H,H,Y,0.0982142857142857,H,0.1863117870722433,T,0.1696428571428571,G,0.4295269781090347,0.4950632141199608,0.7939097601780091,488,H,488,Y,488,H,-3.3059105263157895,-1.141049375,-3.8326812500000003
489,D,S,P,0.538860103626943,H,0.5220125786163522,G,0.4387096774193548,G,0.7224447487518273,0.5913184664518939,1.2114859934596165,489,N,489,P,489,S,-0.47625052631578946,-0.01304776470588236,0.0019094444444444358
490,V,K,Q,0.5632183908045977,H,0.5688888888888889,G,0.6694915254237288,G,0.776290868569453,0.5717413941212081,1.2953381287668069,490,V,490,Q,490,K,-0.558048947368421,-0.2476642857142857,-0.7714657894736842
491,Y,Y,Y,0.1939163498098859,H,0.1140684410646387,G,0.2661596958174905,S,0.5754613680933253,0.2987919741329435,0.8659819461833033,491,Y,491,Y,491,Y,-4.316152631578947,-3.719944210526316,-3.4774555555555557
492,R,R,S,0.2700729927007299,H,0.2,H,0.2445255474452554,H,0.6831569312248745,0.2885673471755912,0.8631663697444271,492,R,492,S,492,R,-4.619684210526316,-0.3013811764705882,-4.708615384615384
493,D,E,E,0.7253886010362695,H,0.5201793721973094,H,0.5964125560538116,H,0.6998516577362508,0.3311212434281871,0.9882047173192036,493,D,493,E,493,E,-0.48121157894736843,-0.17444600000000002,-0.31064285714285716
494,E,E,E,0.3766816143497757,H,0.3766816143497757,H,0.42152466367713,H,0.2958604724623361,0.3266346314174581,0.4457365872964712,494,E,494,E,494,E,-2.553884210526316,-0.24839263157894736,-2.6176666666666666
495,A,A,A,0.0,H,0.0,H,0.0,H,0.4393267354452104,0.1062784379379131,0.3613906185945826,495,A,495,A,495,A,-4.581436842105264,-1.9102593749999999,-4.201444444444444
496,L,M,R,0.2437810945273631,H,0.4270072992700729,H,0.3660714285714285,H,1.0775555252673026,0.4575560273971878,1.495879090026629,496,L,496,R,496,M,-3.351373684210526,-0.733829375,-3.1243222222222222
497,N,Q,L,0.5538461538461539,H,0.5771144278606966,H,0.5511111111111111,H,1.0850007211878014,0.6402698472276411,1.5362487572870145,497,N,497,L,497,Q,-0.23680368421052633,-0.236369375,-0.9763176470588235
498,N,N,K,0.2153846153846154,H,0.3220338983050847,H,0.4923076923076923,T,1.283126314948296,0.5408332305319281,1.5081966545930885,498,N,498,K,498,N,-1.279478947368421,-0.2706952777777778,0.06636666666666667
499,R,R,R,0.1751824817518248,H,0.2408759124087591,H,0.7226277372262774,-,1.6937810931575694,1.011024891552908,1.7260627217617714,499,R,499,R,499,R,-4.875105263157894,-1.071892105263158,-4.401631578947368
500,F,-,E,0.5458333333333333,T,0.5695067264573991,T,,,3.096274945242941,,,500,F,500,E,,,-4.090194736842105,-0.672821052631579,
501,Q,-,E,0.5688888888888889,-,0.7399103139013453,T,,,2.606285218131283,,,501,Q,501,E,,,-0.46251684210526317,-0.5343333333333333,
502,I,-,I,1.116751269035533,-,0.8883248730964467,-,,,3.1607706038546133,,,502,I,502,I,,,-4.140319444444445,-4.937226315789474,
